channel_id,video_count,avg_day7_views,median_day7_views,category_mode,first_seen,last_seen
UCOtYyt7W5PmPnwQjWWF_Z-Q,13939,47202.98280188958,3540.5,24,2025-08-06 03:17:56,2026-08-15 17:32:17
UCQTcNhAZidy1i9wwmdgf2Lw,7855,44861.49188838417,2664.0,24,2025-08-06 02:30:37,2026-08-15 16:00:32
UCRDDfbYPHX_GUJ4lcQYTc8A,6964,49992.23236027578,12259.0,24,2025-08-06 04:15:46,2026-08-15 17:45:06
UCNewfcqo9rMNNv8NzvHfQqQ,4760,365.941352739726,95.0,25,2025-08-06 12:12:52,2026-08-15 16:44:35
UC2sO_F_Ky4LIAUtSJYXqBDA,2598,8490.146671826626,888.0,24,2025-08-06 06:03:03,2026-08-15 11:40:36
UCYweMykEAI5aaRztqrJuuAg,2301,430.95706064630366,293.0,19,2025-08-06 02:44:45,2026-08-15 14:41:35
UCf16fS0s7Bha0efxVONTNdg,2136,305.7980769230769,32.5,22,2025-08-06 04:13:40,2026-08-15 04:41:54
UC0tV1b7IFEXFUUILF7mAcWw,2113,88.76616431696645,26.0,26,2025-08-06 09:09:28,2026-08-14 06:38:52
UCtmTjmQNsvvkCULd-z_1kow,2024,556.7968586387434,324.5,22,2025-08-09 05:49:33,2026-08-14 16:30:06
UCT83ymyAGm7Gnk_4ifxjxIA,1757,58319.318343195264,9617.0,24,2025-08-06 03:52:25,2026-08-15 19:03:21
UC5va7JbC_k7ovI8P27FjNHQ,1458,570.1736011477761,26.0,25,2025-10-13 00:15:03,2026-08-15 18:41:53
UC6aSX46078fvOY9bY9ZUTYw,1393,36891.16690962099,10042.0,19,2025-08-06 03:01:12,2026-08-15 04:43:42
UCuTgmLxqarTxuBU5ARMYUNQ,884,15906.154734411086,9359.5,28,2025-08-07 14:03:35,2026-08-15 13:29:02
UCDeawl6nfzh995_YZ4kajog,853,51.81884057971015,5.0,22,2025-08-27 18:33:56,2026-08-15 07:36:31
UC22LfvKY_7Ibkt5I5wFqwfg,784,1096.3804627249358,836.5,19,2025-08-06 05:30:35,2026-08-15 04:32:25
UCvnn7bguqhNwUTiKbkLo83A,782,45009.667119565216,306.0,22,2025-08-07 05:04:14,2026-08-15 05:00:36
UCdA2b8fkoRQ1Kh6KBYdlqBw,746,85.29689608636977,54.0,28,2025-10-18 06:39:32,2026-08-14 03:18:31
UCjYAhUnrkBujtKI3j3LM2uA,707,151.61749571183535,5.0,15,2025-10-19 12:59:05,2026-08-15 14:35:27
UCOiMY00_ZLijPF6InrCl0TA,601,8866.382905982906,6734.0,24,2025-08-07 13:00:06,2026-08-15 14:00:07
UCJ7RjhqzXkuscbHbckDbCIg,592,510.06003430531734,297.0,19,2025-08-06 17:54:12,2026-08-15 15:54:11
UC6Mn7YVeOwxI2h6usI1sO1Q,565,464.79636363636365,398.5,24,2025-08-06 02:42:32,2026-08-15 17:57:45
UCZu4P4T6cuQdRomtbKcgkrQ,541,51276.53947368421,12255.0,24,2025-08-06 09:30:00,2026-08-09 13:35:41
UCkD2Gixzde52jx1XspNvrBw,508,21516.164989939636,11732.0,22,2025-08-06 13:30:53,2026-08-15 18:21:49
UC8U5Mgl9nbkm5vOJ0SMtQgA,508,1723.419028340081,114.0,24,2025-08-06 16:51:07,2026-08-15 11:30:05
UCpRgfr4_Eax0HHa2rwkRQ2w,504,1353.0020202020203,1190.0,27,2025-08-06 07:49:55,2026-08-14 10:58:21
UCSfmHr5cQvlVKR2f6p8T01w,503,299.6686991869919,57.5,19,2025-08-06 09:45:02,2026-08-15 14:44:16
UCGYT0czKiem5e7S_ojidRLQ,487,206.78205128205127,68.0,22,2025-08-06 07:30:07,2026-08-14 14:00:07
UCwsNWoSlQUyeWgbVQYZtLOA,481,3077.024886877828,1719.5,27,2025-08-09 05:22:33,2026-08-15 08:53:01
UC2ofwz_FX8WaDIOekIHbtNA,480,574.9737991266376,152.0,24,2025-08-07 01:09:58,2026-08-14 23:14:08
UCJA-NQ4MtcRIog66wziD8fA,437,131354.64858490566,6017.0,17,2025-08-06 05:30:24,2026-08-15 15:11:04
UCibSktowgQZmcVCbiy7L4SQ,436,523.1139534883721,96.0,24,2025-08-09 16:43:00,2026-08-12 12:30:14
UC-4FUBrbjpCCoNGqHh6X5og,423,1026.4760765550238,345.5,20,2025-08-07 00:30:07,2026-08-13 20:30:31
UCkojdaAh7raYGOgVn4k1fLw,422,24791.340314136127,28955.0,27,2025-08-06 03:26:58,2026-08-15 09:43:24
UCXRnXDVoCjqUN_sOJweAXyQ,416,7660.311720698254,127.0,27,2025-08-06 04:42:25,2026-08-15 00:47:12
UCma4Siyh9lagZkGuBS_5hSg,397,19605.35264483627,8444.0,22,2025-09-07 11:21:31,2026-01-24 08:52:52
UCAgBGlUKoAQFXMUzshrWDgg,379,4044.7849462365593,3526.0,27,2025-08-09 13:45:04,2026-08-15 14:00:29
UCggMPac3z4LYAsCu0X2ifjA,376,3837.199438202247,1953.0,22,2025-08-06 05:03:09,2026-08-15 14:30:33
UCw3UDSrbKod4Gk_rSpA5gqw,366,566.3972222222222,167.0,27,2025-08-06 18:16:47,2026-08-14 18:47:39
UC5uGexidH3WqbErqSX_EGJA,359,5326.739884393063,4779.0,20,2025-08-06 10:30:42,2026-08-15 15:46:35
UCdCEVfyN0mWj5_MufKidubw,354,6.043103448275862,3.0,27,2025-12-13 16:35:12,2026-06-04 07:37:34
UC7-JGEBb4S3an5tS96rlHaQ,354,1321.9640718562873,148.5,27,2025-08-07 11:31:05,2026-08-15 12:30:32
UC2OvEbQWUQTUfEN1K5rV9-g,350,1153.0674486803518,762.0,24,2025-08-06 03:33:25,2026-08-14 04:29:10
UC6XsnLgVVzNkjTCpRVJ6u3w,343,45.11214953271028,16.0,28,2025-08-06 06:56:17,2026-08-12 18:47:49
UCJojbxGV0sfU1QPWhRxx4-A,342,52.85843373493976,14.0,27,2025-08-07 01:16:50,2026-08-16 01:10:01
UCDLWriLrGuoJ6Uiq4qdfc_A,332,31.75925925925926,8.0,25,2025-08-11 03:45:37,2026-08-15 09:05:36
UCsAueq1NVzqsWr9xqs7vQLg,331,307.43333333333334,72.5,20,2025-08-06 01:30:14,2026-08-07 09:30:23
UCppSNX9SEvI6TM1U0GLGQyA,326,24045.19496855346,14146.0,27,2025-08-06 07:17:25,2026-08-15 10:56:58
UCTlLpPddpcW0ee6y4z9stKA,324,4256.827476038338,3512.0,26,2025-08-08 08:09:09,2026-08-15 09:53:27
UC9uKh9qtShdf23M7j2FkFOA,322,24.594771241830067,10.0,22,2025-08-10 05:14:24,2026-08-12 06:11:42
UCi2J8Tj0KARXFUoSxfQ17Tg,322,1786.6210191082803,1343.5,22,2025-08-06 17:01:27,2026-08-15 16:45:08
UCaszdCPv2DolWB2zmTDYPEA,319,28591.63694267516,11662.5,10,2025-08-06 14:30:36,2026-08-15 14:30:15
UCqrVPjLb4mbQaJpxJpfOsCg,318,2602.7645161290325,444.0,22,2025-08-06 16:30:06,2026-04-09 16:30:12
UCo--CBzGxwhlpDQqyYCCZCg,318,174.32903225806453,61.5,22,2025-08-30 06:48:42,2026-08-15 03:42:32
UCDIfyXq9v7HW9fYyDkxFExg,310,14816.055374592834,2900.0,22,2025-08-07 18:33:48,2026-08-11 18:30:21
UCLbLJNJZ4SAx_9vSEjRyN9w,306,360.3720930232558,85.0,28,2025-08-08 18:16:30,2026-08-15 18:39:33
UCnE7Z-jAIovXuEMO5GnIHKA,306,137.95751633986927,53.5,24,2025-10-12 22:00:51,2026-07-26 00:15:13
UCvjZ9vJOPpr9vOAi2UNe3kg,303,1677.841059602649,1662.0,27,2025-10-06 12:26:50,2026-07-10 13:44:20
UC9TepjsZf-7gBFZctf4hPBA,302,1133.9302325581396,1026.0,22,2025-12-14 11:32:34,2026-08-08 06:18:22
UCALVxjV2luXMThdmHMRuW3Q,302,2232.4296028880867,1602.0,22,2025-11-24 17:30:56,2026-08-15 17:02:14
UCl2UC3_maDSJp7OpCKCfsmw,296,1582.5777777777778,140.0,20,2025-09-24 11:13:53,2026-08-15 22:08:55
UCupKnx2SIEfS3M0gFSW6WZw,286,2212.189781021898,798.0,24,2025-08-07 05:05:13,2026-08-14 04:45:49
UCrYItZrCXaq1dZ-6ArlCc6A,281,325.27338129496405,18.0,19,2025-08-07 00:00:11,2026-08-16 00:30:10
UCo7jGFwywOdtesciwW-POqg,280,30125.489130434784,8504.0,24,2025-08-06 03:52:34,2026-08-14 17:15:07
UCoQOQFHBsBAhobpI8NradTA,280,34523.0459770115,16999.0,27,2025-08-06 13:21:14,2026-08-15 13:12:59
UCgoCbMJ4JnH0q40GofKZxVg,279,1545.3579335793358,1140.0,26,2025-08-06 10:30:16,2026-08-15 12:30:36
UCNOhzf2Eo7rJWC-uCjLBAlA,274,123040.18846153846,6590.0,2,2025-10-16 10:52:20,2025-12-25 16:46:45
UCrM0xMz4LQ_SXbye7oEnzEw,270,37637.54104477612,2961.0,22,2025-08-27 14:50:23,2026-08-14 06:30:20
UCrhfPfnrGA6aLHO6qxvM7_Q,267,1855.16091954023,1831.0,2,2025-08-06 12:51:44,2026-08-14 12:26:28
UC33e0vM5W6gm82W5WuoGB9A,266,1773.0153846153846,312.5,19,2025-08-09 01:47:18,2026-08-14 11:45:16
UC9SgyReu4QufMUTFhZYYEMw,266,687.0038461538461,4.0,20,2025-08-08 18:31:09,2026-08-06 08:22:57
UCMv-M-lBDZ5LZ6UvpMbh1uA,261,4208.63779527559,26.5,25,2025-08-07 00:03:57,2026-08-15 02:31:02
UC5hT3Pm-y1SdGfRBb9XT49w,261,407.3088803088803,298.0,24,2025-08-06 20:30:08,2026-08-12 16:30:15
UCdd2_G0PUpfLdmVxihJVPdA,258,847.2490118577075,133.0,24,2025-08-07 07:00:04,2026-08-05 06:55:09
UChtQ7TCSKmvCIqonz1eto1w,258,1794.4527559055118,984.5,20,2025-08-06 13:47:39,2026-08-15 09:44:48
UCM1sfLl4B5GUPtElymnGTlw,251,11291.576,7638.5,25,2025-10-16 12:05:48,2026-05-15 12:04:56
UCsdonsmA_aqacSwYFPdge4g,242,6.789256198347108,4.0,22,2025-08-07 05:24:04,2026-06-03 16:01:04
UC1wqQSq0jmnzr2u_ynoYJIw,239,971.5271966527197,759.0,22,2025-08-08 08:10:01,2026-07-26 05:25:05
UCweDTnElSgujDbt3yoNTx4g,238,8738.120535714286,2866.0,27,2025-08-06 08:51:33,2026-08-15 15:08:41
UCmJygTXlpRN4qRgy0bcNJoA,238,570.7394957983194,280.0,19,2025-08-09 00:42:52,2026-03-12 06:26:36
UC0MvglI2R-T7xnMStO7aoaA,233,306.26222222222225,98.0,27,2025-08-09 13:59:46,2026-08-14 09:11:47
UC8Tkanjxw5-3qf5n3PkN_EQ,231,19685.177489177488,8443.0,24,2025-08-06 12:31:07,2026-05-20 13:46:21
UCJr5vlnK6HEBVISUtxnq_sg,231,16590.75221238938,5416.5,24,2025-11-16 09:40:25,2026-08-15 15:30:22
UCOPPH1_whpThgY6e7r3qg-w,228,21223.17757009346,7239.0,24,2025-08-06 02:30:06,2026-08-14 08:30:38
UCX2DHg_KXCYZ7viLPYp4G2A,225,1206.5925925925926,135.0,25,2025-08-06 10:30:20,2026-08-14 14:00:20
UCafJV2dgvIHYxjKb4GJpV7w,225,531.8995433789954,279.0,19,2025-08-09 16:22:37,2026-08-14 13:30:32
UCYUIuxf4nRFFtBvbXvkHv3g,225,25455.55909090909,101.0,24,2025-08-09 14:57:32,2026-08-12 19:38:18
UCa-j6Qg6SoOJY2fIisy3YRA,224,1681.868778280543,1582.0,27,2025-08-07 05:50:30,2026-08-15 03:28:20
UCuvtUJ7TacsaQLdxPr3KCOg,223,723.7437185929648,362.0,22,2025-08-07 06:25:17,2026-08-08 06:44:50
UChXlCXdfE662dhqrfTRl9xg,221,1751.6009174311926,457.0,24,2025-08-06 06:24:29,2026-08-15 13:21:36
UC5ZNkdIVKL-M3KrNaCEzveg,214,2593.8380952380953,1699.0,24,2025-08-06 14:40:07,2026-08-11 14:33:29
UCXSus5Zss-0FP1quj0Mpndw,212,139.30917874396135,58.0,19,2025-08-07 14:45:08,2026-08-14 13:15:15
UC28QOqy4nLwECRs65fahlIg,211,103.49514563106796,65.0,27,2025-08-13 11:57:42,2026-08-14 13:44:51
UCNnL7JQhtBvNZWn9Cg13i2Q,210,1524.110576923077,1312.0,26,2025-08-06 13:26:20,2026-08-12 12:06:07
UChhDpCBY_E-EKRWpKBSFE3Q,208,117.94711538461539,3.0,27,2025-08-06 07:53:41,2026-06-15 11:30:41
UCS6wii1nENlRXQpu_1mp5CA,208,9294.878048780487,7118.0,26,2025-08-06 18:17:01,2026-08-15 12:03:18
UCE3M4Pl9T6hQVZFMEeip2Lw,204,475.0816326530612,170.0,19,2025-08-06 23:00:21,2026-08-15 17:00:20
UCMBCoqwqNVVKwGDMcOraXBA,204,53086.77040816326,6625.5,24,2025-08-10 02:30:25,2026-08-14 07:11:25
UCPQQ8iwQgRNW65YR7oYITjw,203,4632.213197969543,1702.0,15,2025-08-07 18:30:19,2026-08-15 12:29:41
UCYga1ycTsoZn6Y_xlrdw0iA,202,2720.95,1140.5,2,2025-08-21 06:31:13,2026-08-15 17:30:34
UCMv53_1dj-WnV1KhRV4oB8g,200,6106.362694300518,3688.0,28,2025-08-07 10:29:45,2026-08-14 12:30:37
UCPEPp4Py7hNPPH7y7EgdL-w,195,1.2871794871794873,0.0,28,2025-11-28 17:59:55,2026-08-08 16:40:48
UC5kkjnheVULYbguQF1OgBwg,194,1260.6165803108809,1236.0,26,2025-09-15 23:07:54,2026-08-11 13:43:20
UCchEmGD_NjutGT8czgHQxhw,190,90491.41397849462,32638.0,22,2025-08-07 11:30:32,2026-08-12 10:54:02
UCzx6a7oqOnTS_KHT15I5DgA,190,17037.83606557377,1499.0,10,2025-08-06 12:31:17,2026-08-08 12:09:31
UCTBdVMxMWnyUxZOwIOKHmbQ,189,1122.3736263736264,87.5,22,2025-08-14 06:37:49,2026-08-14 13:30:06
UC0BAorC0bVj4GwSER21KmkQ,188,6700.64406779661,731.0,27,2025-08-12 16:24:27,2026-08-15 16:09:36
UCg1Pn09smLEiOcr_Nnuc3pQ,185,14151.265193370165,1248.0,22,2025-10-20 20:45:27,2026-08-15 11:45:28
UCCZGfiogVqlx8A9N9E2jR_A,184,1121.3696969696969,1077.0,2,2025-08-06 16:22:08,2026-08-07 11:39:11
UCwMKBU3ugxtEoh5SxLDnxnw,183,37695.31491712707,1304.0,24,2025-08-14 10:30:39,2026-08-14 10:30:27
UCwhdGDxSy0PPmGodAPd-pOA,180,1911.1404494382023,1040.5,26,2025-08-09 02:43:59,2026-08-12 14:12:08
UCe7zdafOHcTJJ7P0JEAJpTA,180,20245.853333333333,6925.0,24,2025-10-08 15:20:04,2026-08-02 13:29:01
UCwRAPq0zLdVsb440xKGBx2w,177,3672.0552147239264,1623.0,26,2025-08-10 10:20:30,2026-08-14 12:13:53
UCXzKpgAS2tg3k_OhePubuPg,177,12053.196531791908,2642.0,22,2025-08-07 08:39:21,2026-08-15 11:03:58
UCBsrUim15y-s6PfMISCR38A,175,675.3875,38.0,19,2025-08-07 03:41:11,2026-08-15 17:43:54
UCnqySECxHgGPd5DIfcTjIdw,175,246.41860465116278,86.0,27,2025-09-03 09:36:14,2026-08-12 00:30:03
UC5dezjl-rF4Sw6BRPM8Q6Zg,174,130108.13664596273,42498.0,26,2025-08-06 04:28:31,2026-08-11 08:48:56
UCrFbaY86Z23fi-CaEzjN5sQ,174,14160.006134969326,1531.0,19,2025-08-06 15:34:41,2026-08-15 14:54:35
UCRDDQqd4CZhGj9rEBAUur6w,173,21173.738372093023,16399.5,24,2025-08-07 19:30:04,2026-07-22 19:30:31
UC41IgP1TOQd8LNAmMJW4eRg,172,9749.625,9643.0,20,2025-08-07 19:54:40,2026-08-14 21:26:11
UCRtU6qVhphgqwX0s4flsFdQ,172,3622.662721893491,1609.0,20,2025-08-06 11:01:09,2026-08-14 14:40:14
UCumYO4tHqmctzoElDkCIpLQ,172,740.7664670658683,403.0,24,2025-08-20 15:28:01,2026-08-15 18:09:54
UCjFB287HCfH-ep_nTQ4oEmg,170,2779.89156626506,1562.5,22,2025-08-08 13:30:06,2026-08-14 20:06:50
UC82P8SWikEqOpKd8P6_S4rQ,170,2322.77245508982,805.0,24,2025-08-16 18:11:06,2026-08-10 07:18:23
UCC3G1NO0V-xRNyl5ckkfsxQ,166,5899.086419753086,3969.0,28,2025-08-07 14:35:00,2026-08-15 13:55:29
UCM5XnWpwfxlgY2TlBCuu5aw,166,18578.456790123455,12460.0,27,2025-08-06 12:01:41,2026-08-14 11:35:25
UCCySvKPy1xK3mAK8FMLND2g,165,19513.356643356645,6756.0,24,2025-08-06 03:35:04,2026-08-15 09:46:47
UChhmvfskCK4IaaoJ4Bj84Kg,164,18403.4012345679,5866.0,19,2025-08-06 10:47:39,2026-08-15 06:10:32
UCiLbj6E-dvR3tDLKigo2juQ,161,18698.75316455696,18370.5,20,2025-08-06 14:30:45,2026-08-14 14:30:19
UCnlTQX1CCJcdzJgrTrFLWQg,160,4578.946308724832,1861.0,24,2025-08-19 12:06:41,2026-08-04 09:37:19
UCk16AZqObhsEu7fUjwroGaA,159,222.03267973856208,134.0,10,2025-08-07 12:42:23,2026-08-15 14:30:21
UCtz8B0t1nslDMTpd9-0_5SA,158,1559.2628205128206,751.5,26,2025-09-14 16:00:39,2026-08-06 17:21:50
UCnqTWrNbHl4SvL60MCE693Q,158,1567.7957746478874,919.5,27,2025-08-11 03:04:40,2026-08-15 21:30:39
UC55ZUgpS4-bUNhFtuDt4jqQ,158,319.9019607843137,74.0,28,2025-08-15 12:27:15,2026-08-14 13:12:07
UCEUSCeKDODZRf4roDnddtEA,157,5648.545454545455,5441.0,22,2025-08-06 11:17:43,2026-08-15 10:37:58
UCEzFTOUj2zDcBEbeBslomAA,153,3330.6979865771814,1622.0,22,2025-08-06 09:51:29,2026-08-14 12:59:53
UCXhkP3A9XZDPpMr1kvB-rMA,150,159.05442176870747,131.0,22,2025-08-08 10:09:28,2026-08-14 09:19:43
UCI-teIr7yMeLi4Z3LW4LNRg,148,11528.54109589041,9433.5,20,2025-08-07 10:30:42,2026-08-15 10:30:27
UCul2sQj4F3drZ9g8OgzsD8w,147,695.7083333333334,426.0,22,2025-08-11 03:19:19,2026-08-15 12:30:17
UCGi7Ljhg0Mai5oexE7YXxBQ,146,615.2361111111111,235.5,22,2025-08-09 06:46:03,2026-08-11 11:22:58
UCmkBZBgF9iyjlqZTHArskqQ,145,831.8275862068965,454.0,20,2025-08-06 03:21:57,2026-06-17 04:16:18
UCGt2JxI4Ui0vxZM3rQBjbVA,145,32227.416666666668,26921.0,24,2025-08-09 12:02:31,2026-08-12 12:27:28
UCSFlMddFMgdAA8xNFafyiOQ,142,9852.111111111111,4690.5,22,2025-08-06 12:55:34,2026-03-04 07:23:56
UCeHuwzYZnSF6-kbREUCKaVA,142,1787.357142857143,1222.5,24,2025-11-02 20:27:56,2026-08-14 12:17:34
UCRvCK0-GntsRkM8zjXVR3Pg,142,810.8723404255319,295.0,27,2025-08-07 10:01:22,2025-12-25 11:01:07
UCbkAklUqbCi69K8xQdbe48A,141,13712.311594202898,8312.0,28,2025-08-06 15:59:22,2026-08-13 14:28:37
UCdO0g41vB2lPZdc6BlPKwMg,141,8.021739130434783,5.0,22,2025-08-10 20:01:04,2026-06-12 09:34:41
UCx51fN_wC__gFn347AR9wBQ,141,279.23741007194246,92.0,24,2025-08-09 12:13:22,2026-08-15 12:30:00
UCN5KMxQbOwIrbmJmsR4ojhA,140,2612.3970588235293,1685.5,19,2025-08-17 14:19:31,2026-08-15 02:30:27
UCFMs1HBWP1bIv9Ojp06ZIRw,140,19.60431654676259,2.0,20,2025-08-06 03:00:55,2026-08-05 22:25:31
UCLqiH2QL4mVanBXJTMeLz1Q,140,1898.7898550724638,1133.5,24,2025-08-07 13:30:06,2026-08-12 12:54:01
UCCGAo78vKOsDVXMESWJ2t3A,140,1539.7553956834533,554.0,27,2025-08-15 11:30:06,2026-08-06 11:30:03
UC_-pe4UZxLsbCeUSnjkb_WQ,138,600.9565217391304,259.0,19,2025-08-30 03:24:57,2026-07-04 14:00:35
UCDqe1aCFWTmrFapGxMXgkFA,137,1179.3070866141732,1035.0,22,2025-08-12 07:25:50,2026-08-14 11:12:14
UCrzTE7LBrAnfBUzoT1z2epQ,134,2779.2442748091603,1302.0,22,2025-09-07 12:26:24,2026-08-12 13:34:00
UCYfA8eDrNd7pREtJLXrv_Gw,133,211.84848484848484,60.0,24,2025-08-06 09:35:16,2026-08-11 12:45:23
UCi-3Vt9kYawd12KPcldSPFg,133,1272.2920353982302,272.0,26,2025-08-06 10:25:27,2026-08-16 00:25:45
UCe_7d03eWIgOpHKQmpOFOMQ,129,7379.0625,2671.0,2,2025-10-09 12:30:16,2026-04-27 08:30:35
UCoQrhbL8EqaiWTywvgPlriA,128,7592.008,3873.0,20,2025-08-06 14:00:06,2026-08-15 09:33:02
UCB_LQnqTVLLzSPBKbOO93Aw,127,181.71428571428572,24.5,22,2025-08-06 16:33:57,2026-08-13 13:52:55
UC-QzvI-llqe5kiZl-Amrd8Q,126,32822.854838709674,26383.0,1,2025-08-08 04:26:38,2026-08-12 10:44:21
UCawbVPQeK6P9gFjo93I1x_w,126,2572.276422764228,2590.0,22,2025-08-07 13:36:31,2026-08-13 13:36:47
UC0ngM0x7fJceEe2tiRbwOvg,125,943.2983870967741,636.0,28,2025-08-06 04:42:36,2026-08-10 04:24:01
UCMW_Sgzlaezz3MHg3BtgKbw,125,2710.6721311475408,2192.5,28,2025-08-09 11:30:10,2026-08-13 12:30:36
UCuTZ4qs3BbtY3ECUR8TMk0g,124,12553.94214876033,4580.0,27,2025-08-07 12:34:24,2026-08-10 19:17:09
UC-CcqBJrHwkO8SxwZpjcuSg,124,133.94915254237287,40.0,27,2025-09-20 16:20:09,2026-08-15 03:15:28
UC7yaLmEPc_g1qaGXSQ1tAQA,123,529.5666666666667,73.5,22,2025-08-07 16:16:09,2026-08-04 13:00:26
UCZ58KjaqzO5pkpfHYq2N0-w,123,1156.0901639344263,653.5,19,2025-08-07 12:30:28,2026-08-14 14:15:23
UCUDYEliMOMaivPpK2pCwDDw,122,5119.27027027027,154.0,22,2025-08-15 11:08:42,2026-08-15 04:30:05
UClyfX17LjEUedQrav71jXbA,122,163.7377049180328,0.0,28,2026-03-08 16:25:44,2026-07-30 14:30:35
UCtmKeT1zqxvWPGCR0I-6hiQ,121,595.1512605042017,453.0,27,2025-08-06 02:45:07,2026-08-07 19:04:36
UCVz1bXiY1pz6Fz_Osm0YYBA,120,34580.33050847457,27757.5,22,2025-08-06 03:30:13,2026-08-14 03:30:08
UC8-g9Rlv5NuUMb0I3KvHI6g,120,1815.854700854701,340.0,19,2025-08-07 01:38:22,2026-08-15 10:39:48
UCGjZJ0TN1PlJIEwJXKNlm6w,120,14933.188034188035,6345.0,26,2025-08-07 09:23:02,2026-08-15 08:36:40
UCm248csRxRJwhqVQ8fsHrCw,119,9319.46956521739,4981.0,28,2025-08-10 16:52:24,2026-08-15 12:45:36
UC4VFmgvUr5nNN2PpG-dg7hw,118,141.89655172413794,110.0,28,2025-08-06 11:30:47,2026-08-10 13:18:14
UCYKyUJ4cVLcnU6rUyJvOupg,117,1123.5,872.5,27,2025-08-06 03:15:06,2026-08-12 14:50:21
UC3aZROLaTwGUZBAhcAuG_UQ,116,289.22522522522524,89.0,22,2025-08-09 11:55:07,2026-08-12 13:14:46
UCTWZbDqPbg0Z1kpR3U_mO6g,115,295.2894736842105,101.0,10,2025-08-08 00:59:21,2026-08-09 12:49:11
UCrGJyW76XbGmnjIaTh7s7zg,115,33426.83838383838,18.0,22,2025-08-16 13:00:31,2026-08-11 07:09:16
UCpLqeOKmUfAiWXyRVAnTHgQ,115,650.5471698113207,387.5,22,2025-08-08 14:58:42,2026-08-15 08:28:48
UCpSxEYKZzzgJKCoY5Xri5Gw,115,1946.2857142857142,1262.0,27,2025-08-07 03:13:49,2026-08-13 05:49:29
UC1T1mCp4j5AZrzE59cru3EA,115,224.1315789473684,46.5,22,2025-08-06 12:31:21,2026-08-13 18:15:05
UCs7RV2B22YkQKKQYepuiIxg,114,4194.883928571428,2888.5,22,2025-08-15 10:12:07,2026-08-14 11:37:32
UCCnCVHQdufygH-aeNBz99vA,114,240.2962962962963,74.0,22,2025-09-06 18:22:52,2026-08-14 18:30:32
UCZNJwsk57AQIupUXDQcA9qg,114,2687.045045045045,1831.0,22,2025-08-07 13:30:16,2026-08-14 15:05:26
UCl4Y73ZM9g5mP5W489jHp3w,113,13468.722222222223,11003.5,28,2025-08-07 11:30:11,2026-08-13 11:30:05
UCcbSZseEBpWqrIpOwKBqLBw,113,153927.7314814815,20685.0,27,2025-08-07 11:24:41,2026-08-14 13:46:56
UCRncs0o2bd39tjOH0jCzz3Q,111,720.5094339622641,286.0,19,2025-08-06 11:00:06,2026-07-26 16:33:12
UCh4w38T-PaPzEqVUbJTnOOg,110,47366.436893203885,2226.0,10,2025-08-10 06:24:34,2026-08-13 15:42:29
UCF0T1yveWR0SkQ-k8RNf9sw,110,264.3644859813084,84.0,27,2025-08-09 14:10:17,2026-08-15 07:14:37
UC3yRhP9WE8V8mXVSAyYyOVg,107,11984.752577319588,1624.0,10,2025-08-09 06:44:52,2026-08-15 07:30:01
UCvFGR4JGFBDj5PpHWEANbdA,106,473.1730769230769,151.5,26,2025-08-07 18:00:38,2026-06-26 22:43:25
UCSLC8o8MR_FMQCNy9fHriEw,104,640.929292929293,17.0,22,2025-08-12 19:05:55,2026-08-14 20:36:21
UCtVEiBn_-ezOpRkL2pNjXzA,104,430.64,44.0,26,2025-08-07 01:55:20,2026-08-15 19:59:01
UCetgdf1dpQO0SY83qFjsuUw,103,455.55,92.5,22,2025-09-17 06:23:04,2026-08-14 18:32:59
UCD2gYnJC3qLvtRWHOwe6udg,103,15.29126213592233,12.0,27,2025-08-07 11:01:27,2026-08-04 11:00:24
UCypYfMZbKIxBlXqngCuvi0A,101,20.405940594059405,1.0,20,2025-08-10 20:29:52,2026-08-02 19:12:55
UCO_66skZM2AyW8lgXawoPiw,101,507.02,161.0,19,2025-08-06 03:46:05,2026-08-13 03:09:15
UCrVkiG6Tt5y-yNjFOOGdb3Q,100,52249.49494949495,10557.0,22,2025-08-07 10:01:49,2026-08-11 11:04:29
UCCtHKf_yqrWH-xaERQYvtew,99,254.4591836734694,77.5,27,2025-12-18 19:33:16,2026-08-10 23:00:07
UC_YTN_LVEtt1Ff8ZBLN67ow,98,1424.4166666666667,856.5,26,2025-08-06 13:45:07,2026-08-12 13:13:48
UCzN2m11WAJefcIJ2xQxf4Ew,98,126688.89583333333,56855.5,22,2025-08-19 07:16:52,2026-07-15 09:03:40
UC8TgBf8iH6DLpiOiXXq3Q5g,98,545.0842105263158,223.0,22,2025-08-07 19:09:26,2026-07-15 12:59:10
UCKdCJ4H-bWf48svKYdaFZhQ,96,3641.835164835165,3376.0,1,2025-08-07 16:37:28,2026-08-14 15:12:55
UCDyVn80GuHYMgkKe3nVJXAw,96,3114.136842105263,2567.0,19,2025-11-02 12:30:15,2026-08-09 12:00:10
UCb1rYLZ2YkUo7T2TmhncgHA,94,624.6304347826087,494.5,27,2025-08-09 00:30:08,2026-08-15 00:30:21
UCRnj7DFNziGE3JPnGwA0yrg,93,2332.197802197802,1870.0,27,2025-08-06 12:45:09,2026-08-10 12:30:30
UCzZBI8snmZD7JAPudadsh-g,93,641.8494623655914,344.0,22,2025-08-06 01:16:25,2026-08-03 01:30:44
UCr0p1CovjY4lLNOH8pg85Rw,93,215.70652173913044,9.5,2,2025-08-10 04:13:44,2026-07-13 04:40:26
UCbobAcCWt24UIYBo0QWAOpQ,92,364.6111111111111,149.5,20,2025-10-05 04:25:53,2026-08-15 18:01:57
UC0UN7hnzgIxDgG582qgy4cw,92,4064.3444444444444,691.0,28,2025-08-06 12:01:01,2026-08-15 11:30:23
UCoZHy-vk9nTN1JTZqvQZ4cQ,91,96456.48863636363,92162.0,24,2025-08-07 14:39:39,2026-08-13 15:33:00
UCaNbfdvLIYzuK3Hfa-m8wIA,90,851.1279069767442,465.0,24,2025-08-16 02:28:54,2026-08-15 03:40:23
UCdJppX3uAMFMvCTuE9qCowg,89,139037.85393258426,136816.0,1,2025-08-08 12:59:08,2026-08-07 14:45:12
UC7DyPUClPjTR_6CyVudchdA,89,357.4157303370786,18.0,20,2025-08-24 14:30:37,2026-08-07 14:30:08
UC4WWzSIArIMEmtdo2m4pWoA,89,1029.337837837838,352.5,27,2025-08-07 22:45:56,2026-08-04 11:47:28
UCw6HmIsvHGq2HcBQCzE7J5A,89,11457.21590909091,70.0,19,2025-08-08 19:06:43,2026-08-12 12:52:46
UC_dr25YJaGIFQtA8D0RTjOQ,89,5822.0609756097565,4403.5,26,2025-09-29 16:15:37,2026-08-15 17:19:48
UCAPE7KbFEu5-9Vebxcc8tnw,88,89.85,55.5,22,2025-08-10 07:27:10,2025-10-10 11:28:37
UCIW2pneMPYovEjy2cwyJqPw,88,1419.1666666666667,1306.0,28,2025-08-08 15:26:46,2026-08-14 16:40:21
UCUWsih24MIJm0hrkWmhJkmA,88,8826.602409638554,1689.0,26,2025-08-07 03:17:22,2026-08-14 16:10:21
UCV8AQNX9EpcNg7pYK1aeCVQ,88,2837.276923076923,554.0,24,2026-01-14 14:24:23,2026-08-09 05:55:44
UC_OuIGV2tOVtq3CwMhMdupQ,88,123.93181818181819,41.0,28,2025-08-07 05:30:04,2026-07-27 04:52:39
UCGWONwJhB_1dcEwuJR10bQg,87,275.8452380952381,79.0,22,2025-08-18 09:58:28,2026-08-15 12:06:46
UC7Ohefm3GfJU1uNz7MXzhGA,86,1114.5243902439024,296.5,2,2025-08-13 15:12:34,2026-08-07 14:05:32
UCNPswKyohe5t4ovcYvvVwPA,85,30.771084337349397,22.0,27,2025-08-06 13:30:06,2026-07-30 13:30:06
UCls_uDOm2aY8LP8tP1Z4BOQ,85,11868.301204819278,4477.0,28,2025-08-06 07:08:08,2026-08-13 05:08:19
UCjjLIssbpBJhGOu6EjC0Zxg,84,391.7733333333333,118.0,22,2025-08-16 15:27:20,2026-08-15 13:30:27
UCqaMHvrFGHu7Uy2gdel8m9Q,84,1127.7439024390244,451.5,22,2025-08-10 23:58:49,2026-08-14 04:36:00
UCb2E2WeViA5SdX_C4s0qRmg,84,162.23809523809524,13.5,10,2025-08-14 04:24:56,2026-06-15 05:56:40
UC1tSTcrZ2_m3TD1v6MksmHw,83,332.958904109589,129.0,20,2025-08-09 18:54:22,2026-06-16 15:43:29
UCSZf1C69SbuFqSH7Y_1UdKg,83,2597.777777777778,284.0,22,2025-08-06 17:23:29,2026-02-26 09:30:00
UCgiEv3NSKRjc2KbJcNP-l8A,82,793.1341463414634,971.0,24,2025-08-07 21:02:57,2026-01-07 11:41:51
UCs3r_67R1GGZGzjhM4rR2xA,81,263.64935064935065,14.0,27,2025-10-21 12:08:13,2026-08-07 13:40:33
UC1oH-w1uqcF0DqComNXqGUQ,81,5023.025,711.5,22,2025-08-06 12:30:39,2026-08-11 12:30:23
UCBsXa_Tqw2z1_e9nHo__Sxg,81,299.87654320987656,119.0,24,2025-08-13 13:16:44,2026-08-08 07:59:51
UCbzCHQ5od07bTFB3kMpXxPA,80,4823.4875,94.0,22,2025-08-22 05:34:49,2026-08-08 11:52:21
UCIPnCyTWcKHe-C-_mtG0GmA,80,19296.625,12054.5,2,2025-08-07 02:16:33,2026-08-09 05:18:48
UCV3eXS3jccWxcXUjfuXgTpw,80,672.0,467.0,19,2025-08-16 10:51:54,2026-05-23 04:56:59
UCUfMrj4T_Emx9UrAxYNO9mQ,80,3029.9113924050635,1470.0,24,2025-08-21 17:20:48,2026-07-11 13:27:08
UCRUr58T-IkDuxr_6Qz0aVaA,80,15198.620253164558,5734.0,22,2025-08-18 08:50:29,2026-08-09 09:17:43
UCzBxpFnzdrbKctaSNozTHpA,79,2302.4109589041095,167.0,19,2025-08-06 15:36:55,2026-08-13 04:36:47
UC67_bXZQ5O74jeRS42vLR5Q,79,685.5,147.0,28,2025-08-08 12:46:12,2026-08-15 07:15:47
UCTECNxfymEvuF6psbTYBB8Q,78,258.6621621621622,40.5,24,2025-08-27 05:21:38,2026-08-10 03:33:02
UC73wvckD8aB_WKUZ8sJCQGw,78,5252.5641025641025,3597.5,1,2025-08-09 07:00:35,2026-02-20 14:41:33
UCPRmXiMVjB_P7SCKFPqZXlQ,77,994.8441558441558,611.0,1,2025-08-09 03:40:34,2026-08-07 14:24:48
UCqheHQifQ6fdY_A9PCY5y3A,76,49383.47297297297,38450.0,26,2025-08-06 10:30:08,2026-08-06 10:30:12
UCWeoS76MnqF8RxP-5EiQQCw,76,562.9333333333333,302.0,19,2025-08-07 12:30:43,2026-08-02 12:30:06
UCppc-AatbeNg0cOg0QsPc8w,75,1124.4647887323943,362.0,24,2025-11-25 07:25:20,2026-08-14 12:46:43
UCHVuT5xbrWut5Q51tOU6g6w,75,2905.7123287671234,958.0,22,2025-08-06 11:18:21,2026-08-02 15:07:05
UCVBt_Exv9FMcM6F09AZNcew,75,11781.27027027027,9697.0,20,2025-08-06 09:30:06,2026-08-11 18:03:19
UCo6i_m7K35mPTL16Ze6LzPQ,74,2534.1290322580644,105.0,22,2025-08-08 12:00:06,2026-08-15 21:39:24
UCMOOYjD0G1ynecj3lqto95A,74,110.85915492957747,52.0,24,2025-08-06 15:30:26,2026-08-14 08:36:23
UCUmIWeepSL4v1y7vJt7X0Vg,74,805.2,155.0,22,2025-08-09 09:30:06,2026-08-13 12:43:16
UCno4Lxv-YMzcIKN8F1ENSUQ,74,590.3661971830986,79.0,10,2025-08-11 16:34:53,2026-08-14 07:38:17
UCdyuQZtFG09GAvpWx0hj0hA,73,400.23943661971833,141.0,22,2026-01-23 10:02:26,2026-07-20 13:46:05
UCJ_2uU4j7JtfmfsbL4dWVpw,73,675.8714285714286,354.0,24,2025-08-15 15:12:51,2026-08-15 10:30:27
UCqjNAdaujAAT4kbO520unSA,73,8638.691176470587,7852.5,22,2025-08-15 07:30:22,2026-08-15 06:35:22
UCKac70S61v6_bJHh49Y9XtA,72,281.98591549295776,113.0,22,2025-09-01 13:09:55,2026-08-07 22:36:26
UCs2n9rcT5RTQRJZWRx-2F3g,71,1175.4857142857143,684.5,19,2025-08-17 11:58:52,2026-08-15 08:14:54
UC4_9osAS7WwBFEj-ygHSvHw,71,1415.4057971014493,1468.0,28,2025-08-07 09:38:38,2026-08-15 03:44:15
UCl2s_wU_NKeue51sdiP1s0g,70,370.1764705882353,41.5,2,2025-08-17 19:45:58,2026-08-15 04:31:00
UCFdAs4DEkB7WkCbgrU9J1fA,69,173.2537313432836,103.0,24,2025-08-12 11:41:35,2026-08-11 12:20:09
UCH9G81y5scjvQY9xbpjgnEQ,69,139.69565217391303,2.0,27,2025-09-12 16:24:16,2026-03-10 18:15:08
UC3-CC50bz8hRGxXbRqUE-uw,68,27657.68656716418,25103.0,22,2025-08-14 08:47:03,2026-08-12 11:10:19
UCYllB-4W0EBGJOKP4DL1uKQ,68,32638.238805970148,29234.0,24,2025-08-08 08:08:37,2026-06-30 13:20:12
UCT_XnLlI4OWNjyPfTj0AfVA,68,1937.6176470588234,1863.5,24,2025-08-10 14:00:01,2025-12-16 07:25:31
UCnGPmAcR-LCVm_TPxQ633Xw,67,7139.772727272727,2738.5,27,2025-08-07 07:33:51,2026-08-12 01:42:28
UC2A8wU699kaw3l510rOM-Aw,67,244.82089552238807,58.0,22,2025-08-07 12:47:02,2026-08-06 13:02:56
UCwxxAGOZW9DXSl48-DgogIA,66,250.3230769230769,138.0,27,2025-09-07 06:33:37,2026-08-07 06:17:08
UCWjjCeLOPudfkSs0yq8MdEA,64,714.9193548387096,590.0,22,2025-08-26 23:31:42,2026-08-14 10:52:22
UCmZAOXw8kcFeoUSNW9LNBDw,64,137.125,86.0,27,2025-12-03 16:12:10,2026-07-27 13:01:31
UCxcTVHfyc-o2J4JHhdbCeXw,63,32.58730158730159,18.0,20,2025-08-06 10:35:14,2026-02-23 16:00:52
UC817nspA_Lu46CKXFAmLzfQ,63,320.9516129032258,219.0,26,2025-08-09 02:52:15,2026-05-29 12:30:05
UC0T2lfdT_RtxEVTa0qQ5EGw,62,801.7966101694915,98.0,22,2025-08-10 13:51:58,2026-08-12 08:20:46
UCafmMOK3jJ36ICziuNw0cWA,62,326.6,141.5,26,2025-08-06 07:54:37,2026-08-13 06:02:50
UCiN6Js67f_SY23H8sk_UNOA,62,2331.883333333333,121.5,24,2025-09-04 11:52:13,2026-08-12 04:37:01
UC2vbIIMrcVZ4sLef-rzP1lQ,62,978.8727272727273,1102.0,26,2025-08-06 10:02:46,2026-08-12 07:04:37
UC3yN9e-0s6ilBpfVlj2IWoA,62,17278.27868852459,7743.0,27,2025-08-12 12:42:05,2026-08-09 11:30:27
UCvcVb1fcd-asMSL6-CeOgNw,61,3721.1071428571427,693.0,19,2025-10-18 06:27:55,2026-08-16 00:30:38
UCKK6g7TynSyThadtbI_bOFg,61,2218.95,1665.5,26,2025-09-14 05:11:20,2025-12-19 00:49:16
UC913D4pK6SZfTIYywhI4eMg,61,745.95,249.5,22,2025-08-06 18:28:08,2026-06-14 16:05:42
UCs9Rq3mIvMLw8X4pPtX4yBw,60,2420.233333333333,1333.5,28,2026-01-11 17:11:38,2026-06-14 12:29:49
UC1GXX9hisqTO3S7ZHhoepXw,59,140.94915254237287,8.0,20,2025-08-16 17:00:43,2026-08-01 12:30:06
UChoLplNa4k4Yao2jFreT50w,59,2559.56,1096.5,17,2025-11-01 01:44:21,2026-08-15 21:29:59
UC0Ixpv316Cz0tAqp900J-qg,59,198.10714285714286,56.0,20,2025-08-17 02:22:57,2026-08-14 13:45:07
UCzvvSovTljh4O-8Dayy5bAg,58,53.8448275862069,40.5,24,2025-08-07 09:00:42,2026-06-17 13:03:16
UCycXr279zf5T3LXlOV4z6Ug,58,1754.6666666666667,308.0,28,2025-08-08 03:39:14,2026-07-29 07:27:40
UCyrq8--5ur1LZgvvzdZvMfQ,58,357.19642857142856,101.0,24,2025-08-11 06:07:43,2026-08-06 11:00:49
UCrPLe7JMpG5a-d4JlJpFuig,57,656.21875,391.0,17,2025-08-10 19:35:06,2026-08-14 10:30:24
UCgQ8u8p3g9kubVvWH0fb3gw,57,2937.315789473684,1293.0,22,2025-08-07 01:23:01,2026-08-02 15:23:31
UCthO6nJNU23u2xA1ZsYAh_g,57,16928.333333333332,10469.5,17,2025-08-10 13:21:05,2026-08-13 14:25:11
UCSLd22kULiSANkSook-2mgA,57,941.5263157894736,429.0,2,2025-08-07 13:01:50,2026-05-22 11:00:37
UCWOj5UCX2R1uhbm91zB6n5A,57,1002.8703703703703,1100.5,24,2025-08-14 01:42:19,2026-08-15 17:54:38
UCjb7az4gRN12iu0MTUtqJ5Q,56,1367.3035714285713,40.5,10,2025-08-10 07:14:53,2026-08-03 16:52:48
UCiJfplrc7idtWYpDsI325yQ,56,35735.57692307692,17777.5,19,2025-08-11 06:30:26,2026-08-15 04:37:07
UCg17nAWKuBa0V1XkluzYbaQ,56,1206.9622641509434,1183.0,17,2025-08-28 21:30:16,2026-08-13 23:00:17
UC6dhc11JD8TxRv9cur7mECg,56,1176.6607142857142,497.0,19,2025-08-13 06:56:26,2026-08-06 12:24:44
UCHkHd7hnRNnGxKN1e1MjXVw,56,1019.1090909090909,470.0,27,2025-08-08 18:37:05,2026-08-13 21:28:50
UCw6S6asHxx2MVUIXPlbr-0Q,56,1845.7857142857142,722.5,24,2025-08-12 04:07:08,2026-03-09 11:23:49
UCTxAXqDgF23XKqVKo1H9jcw,56,43595.28571428572,9829.5,24,2025-08-08 10:50:51,2026-04-13 16:26:00
UCU4_oKvgrQDsvNjZgef30kg,56,140117.26785714287,114037.5,22,2025-08-10 04:30:06,2026-08-07 12:30:39
UCp1dH5rLytMBsm_POrlPzvg,56,8276.622641509433,4273.0,22,2025-08-07 06:35:00,2026-06-09 10:32:10
UCE-v1BLxK1dN6FXrRwCC3eg,55,435.3636363636364,132.0,22,2025-12-19 17:53:29,2026-03-11 04:37:40
UCmc1GRcWKWuxqhA5gZArasw,55,2005.6545454545455,1172.0,27,2025-08-11 05:07:19,2026-07-07 05:55:35
UCEHs7ymn9hxSJMHLlcFLj0w,54,60002.46808510638,33244.0,19,2025-08-07 12:30:02,2026-08-11 12:30:14
UCOKg9DR3c0Aa3A9JCvNrzGQ,54,154.2156862745098,1.0,20,2025-10-26 16:00:29,2026-08-10 16:30:29
UChoqXWCFqL2vw60A_GraIQw,54,6035.0192307692305,5287.0,20,2025-08-09 00:38:48,2026-08-14 19:05:17
UCiiq12phPwfMHaGFVolH4Ag,53,3576.490566037736,1970.0,20,2025-08-08 17:44:28,2026-08-08 16:29:44
UC_UslwFtmPZVVWaPu_rsdoA,53,8011.568627450981,3258.0,22,2025-08-07 17:58:00,2026-08-15 13:56:05
UCXZaF1h4qgnp9sDlflUM8dw,53,254.92307692307693,80.0,28,2025-08-07 10:30:39,2026-08-15 12:30:33
UCdl79n-xAtCWTtHEwHeA2wg,52,395.921568627451,154.0,28,2025-08-06 16:07:51,2026-06-29 18:02:09
UCHDWAGztZO9SqdeBz7Y0EJg,52,591.75,129.5,27,2025-08-06 20:25:44,2026-08-15 17:54:29
UCgy5luu86OLBeugp27Tnddw,52,848.9090909090909,772.5,19,2026-04-17 17:24:07,2026-08-15 16:03:38
UCrBzMpy0C8kRGCfjRG-F__A,51,981.8888888888889,358.0,27,2025-08-06 19:06:43,2026-08-11 01:22:45
UCTLUq3naNHA9LDxBaA52ZPQ,51,321.11764705882354,227.0,26,2025-08-08 12:58:36,2026-07-01 10:15:55
UCPby3xVR_13sYz7yDLBVYqw,50,9576.56,6536.5,26,2025-08-09 02:30:19,2026-07-27 02:30:29
UCJ-q-hUaeCOsCYRKEyYuodA,50,1739.4583333333333,1165.0,27,2025-08-06 07:57:31,2026-08-10 19:20:51
UCI4G8yzM1Q9cETCSzxfgYyA,50,3848.4893617021276,511.0,10,2025-08-17 04:20:21,2026-08-13 17:58:10
UCFjcE40BvyPMR-c7BRSyg2g,50,3977.586956521739,3183.0,22,2025-08-06 04:30:19,2026-08-15 04:30:34
UC8ENiT53WifD4npOYn15c2w,49,1342.4489795918366,1224.0,22,2025-08-20 12:19:20,2026-06-14 11:28:36
UCSag9lm2aRkNNPShZsyVH3Q,49,6201.693877551021,86.0,24,2025-09-11 15:40:04,2026-07-21 08:26:09
UCsm5Wj-HmSj7D0nmXV88J3g,49,11023.8125,7383.0,26,2025-08-15 13:01:20,2026-08-14 13:23:17
UC4c4duQN9N6xDxfbGQw-vzQ,49,759.2083333333334,511.0,27,2026-01-15 01:13:02,2026-05-10 13:30:48
UCF7xeamuu9w4xYYdTGLRzVQ,49,877.8723404255319,995.0,10,2025-10-19 02:32:18,2026-06-14 15:48:49
UCt8CsDuXwVP08dTy3cQI-Cg,49,825.9387755102041,218.0,19,2025-08-21 08:25:31,2026-07-31 09:11:09
UCjPgam2UGpF3EWkiHfp-0EQ,49,59.02127659574468,9.0,27,2025-12-14 08:17:04,2026-08-08 10:15:26
UC1Tj9WUErCHPtdTmmHvkKGw,48,788.3777777777777,108.0,28,2025-08-15 14:19:13,2026-07-29 06:21:52
UC-PjAZus8c7XDyZWkGHndyw,48,8825.191489361701,3119.0,26,2025-08-06 15:01:26,2026-01-07 14:30:51
UC2PXUxzmQE8jNanGxwndSjw,48,11961.617021276596,6532.0,2,2025-08-11 04:11:13,2026-08-15 11:34:50
UCFTXQiDfDkVvffofwR19m0A,48,10911.673913043478,272.0,22,2026-04-10 05:08:39,2026-08-05 05:42:08
UCVMisnOKlEXCb6qeL2M7k-A,48,1332.6808510638298,1242.0,2,2025-08-06 08:51:17,2026-08-14 02:25:14
UC1faY0gip4IfKbRDUwIpcGQ,47,11422.531914893618,5122.0,26,2025-08-19 12:34:40,2026-07-19 15:23:03
UCfJVczv0xYpcZWo9cEYv4Yg,47,18231.239130434784,4545.0,22,2025-09-03 09:15:03,2026-08-12 13:30:05
UCFneKTdGgbpbFbN30TVKUpw,47,11662.404255319148,7870.0,24,2025-08-06 13:01:20,2026-07-11 13:00:04
UCw8Xx_exILgC3W7jRCv_ueQ,46,679.3260869565217,36.5,20,2025-09-06 16:46:56,2026-04-29 16:02:20
UCJeCtv0jJiNO9xt6R3SuMuw,46,115.15217391304348,32.0,27,2025-09-24 11:30:27,2026-07-29 13:55:34
UCR9CgO_paf1lwOjpzQvPH7Q,46,11799.613636363636,7304.0,22,2025-08-10 10:15:09,2026-08-13 09:32:39
UCbr3MNcISUfftpZYqf0PiIw,46,929.6,781.0,19,2025-08-10 11:04:04,2026-08-14 07:38:55
UC8Sixd8q37jKoSLBNuhPxww,46,551.4565217391304,90.0,20,2025-11-19 16:05:39,2026-02-07 20:55:51
UCS1FukhR2GeYArdB87fVFVg,46,40671.41860465116,34520.0,27,2025-08-10 12:02:59,2026-08-14 07:07:18
UCIS_35P-xjVKekwXmQMXnbA,45,6506.023255813953,2318.0,1,2025-08-07 15:44:34,2026-08-09 11:31:53
UC7wbMzb0A0i6nACoM4kSgsQ,45,284.780487804878,119.0,26,2025-11-06 14:27:20,2025-12-26 11:06:14
UCa9qVtdYUHR8rlWlQZf6Lmg,45,42.06666666666667,30.0,19,2025-08-13 16:01:29,2026-02-14 15:45:03
UCy34chT1uNAxzrZJnStTOPg,45,3068.906976744186,549.0,27,2025-08-08 10:45:11,2026-08-13 13:43:18
UCENS_6Qg6S2puMeyPFlwTig,45,568.4222222222222,90.0,28,2025-08-25 17:51:48,2026-07-19 18:35:34
UCH7hWVsDpOJPT3NcezGcu6w,45,35.28888888888889,9.0,24,2025-08-12 08:52:07,2026-07-17 10:11:54
UCTqYiJmD48cziDK3ciH4k6A,44,894.560975609756,1073.0,20,2025-08-07 14:15:02,2026-08-09 16:30:30
UC695Emm21OPSYGkvHK4aNnQ,44,373.0232558139535,210.0,19,2025-09-01 10:31:32,2026-08-13 09:24:15
UCOlvh5WrdsLRx-QDgV4hiKw,44,987.7272727272727,1200.0,28,2025-08-10 11:47:02,2026-06-08 10:39:02
UCy2uqHWI358-1PuKL7dKs7A,44,1177.4651162790697,229.0,19,2025-08-26 16:37:35,2026-08-15 09:39:51
UCMOJZJjbOVCp2oqoTNK5PdQ,43,321.13953488372096,58.0,17,2026-05-17 15:10:31,2026-07-24 13:02:58
UC1mSe8-rrpRmY2uITst70SA,43,795.047619047619,98.0,28,2025-09-30 21:30:01,2026-08-04 16:08:26
UCFKKhgBHef5NvJsTQsviCrw,43,1156.3902439024391,1112.0,22,2025-12-10 09:35:14,2026-02-21 13:58:21
UCamuj3-WFG1v2Pz-UmcakIg,43,870.2682926829268,384.0,10,2025-08-15 04:27:59,2026-08-15 01:55:19
UCBNmk5a3mN-OZgJPHXFKUKg,43,1520.046511627907,980.0,24,2026-03-21 05:20:51,2026-07-03 16:03:36
UC8kC4R1-G80cwxWLr6jvmtw,43,440.6511627906977,148.0,27,2025-09-05 14:08:32,2026-07-20 09:30:42
UCtbui91HtlEMWfoOmvulnTw,43,660.0731707317074,352.0,20,2025-08-07 02:06:02,2026-07-07 18:30:38
UC3eH_Pz20PNLXreQbQsoHgQ,43,30.243243243243242,17.0,10,2025-09-16 17:24:10,2026-01-04 03:45:02
UCZ3H_1u1lReYavjY-1mJfkw,42,90.6,18.0,22,2025-08-11 04:45:11,2026-06-15 10:40:41
UC6N8owp4iWdtQdW2OOhycNw,42,413.3414634146341,105.0,27,2025-08-23 12:46:30,2026-08-04 03:36:25
UCuifd4k12IvuUCGaxxfowKw,42,31.11904761904762,4.0,22,2025-08-09 18:37:52,2026-03-20 18:02:51
UCMBhDQ516xwVr86zKLM1HUw,42,8.714285714285714,7.0,22,2025-08-06 13:30:06,2026-05-27 13:30:01
UCRaLvUrrj_901Anrljs1F2g,42,194.28571428571428,111.0,17,2025-09-09 12:27:03,2026-07-17 02:04:33
UC4f76oW8ZgZYEhl7jrvIA3w,42,10854.875,1711.5,19,2025-08-07 05:30:02,2026-08-15 05:34:49
UC7wjTyPYcyMQ2ZOSPNi4HbA,41,608.6829268292682,483.0,2,2025-08-11 17:52:07,2026-06-09 12:59:25
UCrpButAi67g8LHmtVMfP87w,41,95.8974358974359,9.0,22,2025-08-10 08:47:49,2026-08-13 14:38:29
UCPaLywDTxz4X0KMks4GOTfQ,40,78.575,44.0,28,2025-08-07 15:54:07,2026-07-16 07:40:55
UCkZBCRVKDl6GZbYC_E_32Fg,40,2721.9583333333335,1165.5,17,2026-07-07 12:56:33,2026-08-09 16:57:09
UC0A6PKKzwexBqhStrZ98lbw,39,208.17948717948718,160.0,10,2025-08-23 08:17:26,2026-07-19 05:01:47
UCCEcX65K49gfceGQLm9qJLA,39,274.8157894736842,62.5,19,2025-09-27 13:48:49,2026-08-14 11:30:24
UC71--bNnCFpGPMtrk1I2ZgQ,39,534.2307692307693,108.0,27,2025-08-07 11:30:23,2025-11-22 11:30:16
UCLUJ7cXJOM1S2RNagEnvPJg,38,10411.71052631579,8250.5,22,2025-08-11 12:25:09,2026-06-15 06:48:04
UCtz2Mog_5r1EtauBQ7veK1g,38,518.3783783783783,132.0,19,2025-08-08 13:23:58,2026-08-14 10:32:54
UCNsKVrwbRGH_xlDIDSN35CQ,37,945.3513513513514,1096.0,17,2025-11-02 06:03:08,2026-05-29 16:41:13
UCqzQDyoledq4v7W2ZKIbIjQ,37,575.1666666666666,37.0,22,2025-08-14 19:59:25,2026-01-18 22:37:51
UC1A_9N2Mg0q2LDrfKLWFPSw,37,16886.432432432433,14203.0,27,2025-08-08 12:30:15,2026-07-10 13:26:57
UClBC9kT7SSFliwTgLQ7Ms4g,37,18660.486486486487,16329.0,2,2025-08-07 11:47:36,2026-08-06 14:30:20
UCeIi7PRx_N5nTkU90r7_ykQ,37,5232.027027027027,2964.0,1,2025-08-09 14:00:33,2026-08-08 14:00:23
UCopIf0dZk94IGv8r2zt44Jg,37,496.5945945945946,257.0,22,2025-08-17 11:02:12,2026-07-15 23:13:46
UCslQTjunYucYv2IAoZ1vVnQ,36,500.4848484848485,147.0,27,2026-05-05 20:12:03,2026-08-12 13:14:01
UCfNSXEJlIiwz7KISGf5mndA,36,18180.91176470588,11627.5,22,2025-09-06 04:00:50,2026-08-11 15:07:00
UCvHt1_CnzMfEBcn97O7PiAw,36,10.083333333333334,8.0,27,2025-10-28 03:58:26,2026-07-07 18:10:59
UCb6VebF8ppwjHzxzEP9N6aw,36,1150.361111111111,920.0,2,2025-08-06 04:21:53,2026-02-21 14:46:59
UCUpBgUbGuitRyOrskCgE_mg,36,200.30555555555554,75.0,27,2025-08-06 05:28:58,2026-07-23 16:32:34
UCRB6lI4yHvSUUL4cmz9ATfA,36,570.1764705882352,217.0,2,2025-08-19 09:30:20,2026-08-14 06:25:07
UCS_LcZt-3JIMbyhm7FPeu8w,36,1113.8285714285714,1108.0,19,2025-08-07 16:50:29,2026-07-13 15:13:41
UCvdoOJa0VaOY_tKZEyTWU3A,36,1198.0294117647059,341.0,22,2025-08-08 11:30:29,2026-08-14 12:30:08
UCZxR6VQjP2g5xGyCg8qio7w,36,202.19444444444446,166.5,20,2025-09-02 06:30:09,2025-12-11 12:01:16
UC3ptIFUr1EMRol7IEwA2AJA,35,592.7272727272727,311.0,2,2025-08-08 17:58:53,2026-08-15 05:05:10
UCcCkwzYBwareK8GPTQG4cWQ,35,2335.457142857143,1129.0,24,2025-08-17 04:48:27,2026-05-19 16:29:32
UCPV2M1Px1GsBEE6ydSqCG3w,35,32.85294117647059,10.5,15,2025-08-07 04:00:54,2026-07-17 12:52:21
UCaTinxNxMrQpv3WtM4LZgmw,35,39876.1875,3683.5,22,2025-08-18 18:59:19,2026-08-11 15:51:43
UC9B3PHCUPOyMMnDNGtqHXrw,35,436.1714285714286,122.0,20,2025-08-07 16:00:28,2026-07-01 18:18:24
UC9C-57voJN0pZQtG7c5mn_w,35,41341.65714285714,53.0,27,2025-09-09 12:14:18,2026-07-27 10:19:42
UCfJvQWJ4iUTng15ks3WtVow,34,3982.25,1963.0,10,2025-08-09 16:12:24,2026-08-12 13:15:58
UCYXXppvZSxDSYt8-1XBei-w,34,423.6060606060606,226.0,19,2025-08-10 14:40:42,2026-07-28 18:10:20
UCJrDBRZ1lFAVTJuSckTvceQ,34,757.5454545454545,409.0,24,2025-08-06 11:17:17,2026-08-01 15:50:06
UCACYF-fXFZtBirZ2hCx1WEQ,34,262.94117647058823,38.0,19,2025-10-08 11:51:37,2026-07-31 16:16:40
UCvgkF1BAO-l9bZXa5bXVhbA,34,526.5,169.0,27,2025-08-16 12:30:28,2026-08-14 16:04:49
UC3xx2MIQvINSkcU8MLPnBAg,34,2176.5454545454545,1206.0,1,2025-08-06 10:45:48,2026-07-13 12:30:38
UCPusniXfX3p9lR8VZ3mWjLw,34,467.61764705882354,144.0,24,2025-11-15 14:06:37,2025-11-22 09:37:36
UCfMCIFwsDeR9UuO_w2N__RQ,34,5417.588235294118,2010.0,22,2025-08-06 03:20:39,2026-02-16 12:18:35
UCaJ7SGZYof6IsS5qcw6lspQ,34,1234.9411764705883,1367.5,19,2025-10-29 12:01:03,2026-07-02 12:11:25
UCP7bW-wX2pweVFH70yiEo_Q,33,195.4848484848485,41.0,27,2026-03-09 18:30:11,2026-08-05 05:50:41
UCq5Gm4jfNGRXvUTOw9d2Zzw,33,199.3030303030303,161.0,26,2025-08-15 13:09:19,2026-07-28 07:23:43
UCmu0ocikB1Hg_Rl9exwq6rg,33,1498.7931034482758,1934.0,24,2025-08-30 09:16:04,2026-08-15 16:05:07
UCW3Jnx9KoeicE60GUi6pxng,33,395.7647058823529,28.0,10,2025-08-15 04:58:30,2025-11-01 11:13:00
UCvGKlluI-t9s8JIuKPMa5nw,33,3109.4848484848485,1715.0,20,2025-11-16 07:49:56,2026-07-11 12:30:23
UCqoZbyGTVsHUPErog0Sac4w,32,696.7857142857143,169.0,26,2025-08-08 15:00:59,2026-07-05 15:00:36
UCqJjMmoI49xZsiwJmEMITUw,32,1028.2333333333333,1049.0,24,2025-08-06 14:30:45,2026-08-15 12:07:35
UCG9yNFHfWUDWLrGBK-McScg,32,6177.645161290323,1996.0,22,2025-09-12 14:09:49,2026-08-13 10:29:23
UCNP5-zR4mN6zkiJ9pVCM-1w,32,536.8620689655172,154.0,28,2025-08-18 03:11:20,2026-08-12 02:38:09
UCZ-vJhhOOtk4Ga9cjSnQtEw,32,272.9375,57.5,2,2025-08-29 13:12:50,2026-06-27 11:30:08
UCMNzGVtXq9_Y4oYOYEkd-7Q,32,1963.2142857142858,1661.0,27,2025-08-11 17:37:38,2026-08-12 18:35:58
UCtMa9EMp7JPWagtHp_EViHw,32,787.875,425.5,22,2025-08-31 13:02:37,2026-05-31 05:41:54
UCv6Mn-M1f1WgqFEzT4kuz4g,31,514.1,22.0,15,2025-08-06 06:00:51,2026-08-11 07:20:31
UC72R_mO4op6t79BKoPzQt9w,31,551.4285714285714,117.5,19,2025-08-09 15:54:58,2026-08-14 16:07:51
UCqWnR5ZcahbpQq78szOwnpA,31,1681.967741935484,1184.0,17,2025-08-15 15:58:21,2026-05-26 14:12:15
UCPRld5Hdrq4DIzrwBuG3rag,31,854.5172413793103,586.0,22,2025-08-21 14:57:53,2026-08-14 06:11:40
UC5-UIMC9mso5oh2L_ksXBWg,31,66.74193548387096,44.0,20,2025-12-28 15:54:34,2026-03-19 15:40:36
UC4d8vYh-PIo4m4Rb2wyAvWw,31,17491.677419354837,12826.0,22,2025-08-09 11:34:19,2026-07-26 13:25:02
UCJYKPGIdXwKwge6dSopbzbA,30,2110.8928571428573,1753.5,26,2025-08-06 13:30:35,2026-07-14 13:38:39
UCFfE9w8ySpFlvK-xM4AVXpw,30,896.1666666666666,481.5,24,2026-04-18 07:27:57,2026-06-29 11:22:10
UC-mYZ4TM6CU7IVgbQUlFNUQ,30,722.5714285714286,383.5,10,2025-08-07 10:09:10,2026-08-12 15:45:02
UCdj6KdzqWENjCXeEJCdFo2w,30,242.75,228.5,27,2025-08-08 01:05:04,2026-07-09 07:19:32
UC9j5f0CvoCrDSRPllwtGETw,30,44.3448275862069,6.0,24,2026-01-24 16:42:43,2026-08-06 16:14:38
UClv8HuggxCDCVnFyGH96bAQ,30,5647.833333333333,4974.5,27,2025-09-29 02:00:42,2026-02-06 04:10:31
UCE2h3exiZeJc9dk3cNmC9mQ,30,4635.9,2957.5,26,2025-08-07 10:05:27,2026-07-10 05:16:47
UCTOTiK1a37iiSQJXbe149Cg,30,834.3571428571429,409.5,19,2025-08-11 08:24:47,2026-08-12 09:26:19
UCPWZ7EHnH2FBUtAahgZ7Pqw,30,1093.6333333333334,631.5,1,2025-08-06 11:30:06,2025-12-18 10:22:38
UC4L5fKRgM-3HjdKiZjTjsxw,30,890.4666666666667,587.5,20,2025-08-27 15:30:31,2026-07-30 15:56:38
UC9eiBM-D-sjPIFcdJgeul9Q,29,727.6071428571429,332.5,24,2025-08-14 06:09:19,2026-08-13 05:26:42
UCHtKFAn73LJU4wB_w54wNCw,29,278.6666666666667,63.0,27,2025-10-14 08:57:14,2026-08-11 07:14:44
UCjfjJjblqn8jzs1EnaDVqEw,29,401.9642857142857,244.5,28,2025-08-07 00:07:46,2026-07-11 16:00:11
UCl2A-e1K2AZ-N1O7yuz5QNw,29,219.79310344827587,105.0,24,2025-10-02 05:37:48,2026-01-04 10:41:10
UCmBptAdNPhu4mQjeZYCD-8g,29,1612.344827586207,1520.0,24,2025-08-14 03:55:10,2026-05-30 14:48:41
UCJyfms5sTp2i-6th7T3AC4w,29,282.82758620689657,91.0,27,2025-08-16 14:11:30,2026-08-02 11:26:37
UCzU5adVSw1uCHXso6f7toLQ,29,720.25,554.0,24,2025-08-24 10:03:00,2026-08-09 10:03:12
UCG_NNpbNwsczo7w3PTrhOoA,29,393.0,20.0,22,2025-08-25 14:29:22,2026-08-15 14:30:28
UCAnHeOt_8_AbrlYEJH3cw-A,29,93.37931034482759,50.0,24,2025-09-29 08:30:59,2026-07-30 06:58:05
UCvfKueL8ffuz9zfy31DDs6g,29,3456.7586206896553,2736.0,10,2025-08-26 11:15:02,2026-04-21 12:13:31
UClKTI4yvkYxCgRDKgTdPH1Q,29,780.4137931034483,654.0,28,2025-10-17 15:00:39,2026-08-06 14:19:56
UC79Fu4Jf0O1JuUu3izjxJ4w,28,350.77777777777777,47.0,28,2025-08-07 15:17:25,2026-03-18 07:23:36
UCPW0KeE_pATcfZWJQk3bO0w,28,105196.8,47762.0,22,2025-08-28 12:19:09,2026-05-30 11:26:05
UC1k6-TBSzYvANKKu2zcSjcQ,28,2778.1111111111113,1960.0,1,2025-08-09 06:52:41,2026-07-29 03:03:23
UCHwfjlJXhLKCNsuw2VXr6ig,27,5422.481481481482,2453.0,27,2025-08-30 05:16:34,2026-08-05 12:13:07
UC__zN6_8I7phHInACG56kvg,27,6889.62962962963,2852.0,27,2025-08-17 00:30:05,2026-08-01 13:00:38
UC91DBjbGDIfxhi-R0rWQkaQ,27,1341.2307692307693,612.5,28,2025-08-10 12:31:13,2026-08-11 12:30:30
UCNaR7-sv4f_kBWXX4yAeUMA,27,1946.3703703703704,1030.0,27,2025-08-25 07:47:58,2026-07-31 12:01:05
UC5ca_wmCAYgF-ccfUZJZlQg,27,518.2962962962963,146.0,26,2025-08-19 18:30:14,2025-12-11 18:30:38
UC5vQ0FBzoL9h1TOWKRGThKw,27,18673.666666666668,8107.5,24,2025-11-24 12:44:50,2026-08-15 13:26:32
UCRwWcANeDtyXLGxjdKnt8iQ,27,431.4230769230769,103.5,27,2025-09-18 08:41:21,2026-08-13 04:45:35
UCQsNlLN15ybNA4kdtwe-OBA,26,4476.96,2165.0,2,2025-12-12 08:43:09,2026-07-31 05:51:58
UC5MBri4r2ji1-UAhdXtvGwg,26,226.16,107.0,22,2025-08-07 13:53:24,2026-02-11 10:04:39
UCA3ySoIja49MCS54EJSv50w,26,124.04,141.0,27,2025-08-13 07:04:12,2026-07-05 06:35:54
UCit2TMl6CYWMHI_bwMXS5Kg,26,269.5769230769231,89.0,22,2025-08-15 04:30:16,2026-08-02 04:30:35
UCLiEz91yAs7UhanO8sZZf4g,26,701.5384615384615,459.0,22,2025-08-11 23:00:11,2026-07-19 22:10:27
UC-LOZLvERk8WyVg90C1dUVA,25,661.12,132.0,27,2025-09-04 23:30:07,2026-01-29 17:01:08
UCDrDmgvwre1Smm51JtbfzrQ,25,548.2916666666666,531.0,27,2025-08-07 10:37:02,2026-04-23 01:30:24
UC4zvRArzwIHBnQY6FkDGMCA,25,4052.76,1847.0,27,2025-08-13 14:53:22,2026-08-07 23:57:29
UCR0Dpw3gUCuE_KqarafHxhA,25,1603.16,34.0,24,2025-11-21 06:38:33,2026-06-24 11:17:23
UCFLYUbc09-OG0VIKRFxMvlg,25,8823.0,7078.5,2,2025-08-13 09:54:11,2026-08-14 06:44:21
UCJ5VDPUaQ2pBZiAx4K066dA,25,548.92,292.0,22,2025-08-09 08:00:01,2026-04-02 07:04:38
UCI4AX051TJ76GK0gbD3XrYw,25,53.56,39.0,20,2025-08-29 20:39:38,2026-01-23 17:32:55
UCt85p_UTIuhPLZBuZbfciNQ,25,117.73913043478261,1.0,20,2026-01-16 07:03:18,2026-08-15 12:57:38
UCI1WvAal8mKbZXZu7L3sUEg,25,6253.083333333333,4533.0,22,2025-08-12 18:31:04,2026-06-05 18:30:36
UCAKva-D2Y1d2ZuWhZfAlalw,25,342.4,130.0,28,2025-09-05 05:07:15,2026-08-08 05:49:49
UCkayfonK6TNLdOal1Giss0A,25,982.48,1074.0,22,2025-09-15 17:45:36,2026-05-21 12:15:05
UCHNktds2uZssVkh2877djnA,25,1833.0,1539.5,24,2025-08-07 11:29:28,2026-08-15 12:40:42
UCt6YDKnJjEUvoDWISjIHELA,25,225620.5,32691.5,24,2025-08-06 20:13:44,2026-07-13 18:00:01
UCp1fsaWEoLf6TOM4nd_Ud2w,25,3115.478260869565,378.0,22,2025-09-13 14:49:03,2026-08-05 16:21:39
UCobcjhYdbiWB1wyIZMeCPjA,24,386.95652173913044,28.0,1,2025-09-05 16:18:42,2026-06-24 05:19:19
UC2E1aFnOhbgg4b0EBj8TcCg,24,288.57142857142856,9.0,20,2026-04-10 05:42:37,2026-08-04 17:04:45
UCmzXku7wz25w9EOCu31cU9g,24,344.26666666666665,59.0,27,2025-08-16 02:29:26,2026-08-15 19:34:34
UCI3sRzrfKcpm_MKTYmo9lZg,24,737.1739130434783,391.0,27,2025-08-09 12:31:01,2026-08-10 17:08:43
UCtPoPA3ppIqSTaIhEz_gmew,24,16.458333333333332,4.0,24,2025-08-11 10:18:38,2026-07-14 06:31:08
UCgVKstNi_YW3W5Wm5uOeh_Q,24,24.125,6.5,22,2025-08-07 05:09:33,2026-06-27 18:53:20
UCAJLfAl40ei1v0gDkLFeHEA,24,281.85714285714283,68.0,24,2025-08-31 07:20:59,2026-08-02 16:02:20
UCZ_LSvN5pRquPwjcmtx3nsA,24,1016.0434782608696,1164.0,2,2025-08-08 17:08:29,2026-07-29 09:11:41
UC1IbyCK8_1k5rcBUtH0JCdw,23,1929.15,1224.5,22,2025-08-17 08:00:45,2026-07-28 05:09:11
UCADYS4mgPknkbZTRWI_vk4Q,23,2347.5789473684213,1831.0,26,2025-08-23 14:43:46,2026-01-24 02:00:22
UCdrwRxHEcFFTrUPVvuFO5Bw,23,11381.304347826086,11581.0,22,2025-08-12 04:39:30,2026-08-05 03:30:11
UCF_Ohl0T3RgVhHu8HNj96gw,23,3447.4347826086955,2646.0,22,2025-08-14 12:30:06,2026-07-21 04:27:54
UCm7E0yEnivTG1yZcOKAxwRw,23,333.39130434782606,14.0,1,2025-09-05 17:51:47,2026-07-12 14:45:17
UCmLuDOhIfZbbSleWW7R4_9A,23,11.391304347826088,9.0,22,2026-06-05 15:22:10,2026-07-29 16:32:45
UCS6e2pBgb6SlIBqKFjRZCwA,23,2522.7727272727275,1174.5,22,2026-04-13 16:07:51,2026-05-10 21:57:40
UCnsImF0kRFplEVJIupfVgyg,23,536.5,228.0,19,2025-08-13 01:48:30,2026-04-17 19:41:55
UCJfnztyVzXARhcucHvbtAPg,23,617.0,309.0,24,2025-08-30 17:07:37,2026-06-19 23:07:03
UC0Nf2ZVnwYz1PeA3H737YQA,22,8.863636363636363,2.5,20,2025-08-10 12:17:19,2026-07-23 11:30:06
UC_avEHv4imRWIFwRLUAUuEQ,22,344.54545454545456,56.5,27,2025-11-20 04:08:26,2026-08-04 04:58:12
UCd4c02UmOsaRg9qF02iQyvg,22,1924.409090909091,1585.0,1,2025-08-06 16:30:16,2026-04-22 16:30:18
UCE6t6F5phd7xkMtyt6YDoGA,22,269.95238095238096,26.0,10,2025-11-17 03:31:14,2025-12-30 13:07:44
UChr7K9dI0ZkPFm1AuXyXW-g,22,722.0,530.5,27,2025-08-09 10:29:08,2026-07-24 12:53:01
UCWrRyhDLvvoun3gD3UD7jfA,22,11.25,10.0,27,2025-08-07 08:01:54,2026-08-14 06:41:29
UCpIq-U5cRNfDXBTBbwfZz_Q,22,951.3636363636364,761.0,1,2025-08-09 14:00:40,2026-05-05 14:15:04
UCAGhj_FseLb9drGWjc_MVOQ,22,6619.952380952381,868.0,22,2025-09-09 12:31:00,2026-08-13 11:30:21
UC9FLhxGf0YbgnlYtgj7sGsw,22,2282.909090909091,1427.5,22,2025-08-22 13:48:26,2026-01-06 07:44:45
UCFZv3tNiFCA-IwYRhFEF33Q,21,1.0952380952380953,0.0,28,2026-06-04 02:30:12,2026-06-10 15:30:14
UCYL0juvpZjcxaztULEkIhzw,21,1358.8095238095239,214.0,26,2025-09-17 13:03:38,2026-07-16 08:32:24
UCuOGwvVbcuMVNwHc146gm1A,21,13577.142857142857,13779.0,24,2025-08-14 08:54:02,2026-07-25 11:50:41
UCYt3TTr5XabY5mb7r9bKg-A,21,146.0952380952381,99.0,29,2025-09-27 14:50:27,2026-08-06 10:45:31
UCDwgreh9fYkRVOX-I0GKUFA,21,59.142857142857146,19.0,27,2025-09-10 19:39:57,2026-04-04 15:13:42
UCt1_kd4P5oqJ9dt-FhVNAuQ,21,1420.6,1175.0,19,2025-09-11 07:56:46,2026-06-11 14:05:12
UCTQMG_ZbA8AY-GjkqCSazqQ,21,1669.0,745.0,2,2025-08-23 14:27:36,2026-07-09 12:37:13
UClrBWn6EuEy5Kb2BUjd47uA,21,1611.0,442.0,2,2025-08-31 14:27:35,2026-06-20 07:15:00
UC76AjV3I07Jr1AyaNgGlC4Q,21,119.33333333333333,28.0,10,2025-09-24 02:16:32,2026-04-27 02:13:23
UCJ2VUk1Xl_9Z1gkND1h_wGA,21,2223.15,1205.0,19,2025-08-08 12:14:57,2026-07-19 18:15:54
UCxo2vmbl7cIT3p7hojtkZsA,20,80.73684210526316,53.0,27,2025-12-30 12:25:43,2026-08-11 09:08:03
UCy_y6nMp8Hjyl5HnnuErGuw,20,915.6,675.5,22,2025-08-10 14:16:20,2026-07-29 17:48:26
UC9UnFKB67YbsV_T2v3g9TdA,20,147.2941176470588,104.0,26,2025-08-25 17:30:32,2026-01-03 18:06:49
UCJJ9bdvV6Y77_-KSmT97l6A,20,952.65,1061.5,20,2025-08-25 11:30:17,2026-03-13 12:30:44
UClgwqQOjtWDMnwb6xzbra4A,20,28.55,13.0,27,2025-08-08 18:33:25,2026-06-23 16:03:59
UCgkHqu3n1qAHqd7aL1RE8Ew,20,540.0,51.5,19,2025-10-22 11:30:49,2026-08-12 07:30:37
UCm22QsTII0qZ1pVEh6A69_g,20,5.7,3.0,24,2026-07-25 01:40:25,2026-07-28 18:30:38
UCmt7HdWeX5yzwb51Wfgph5g,20,671.8421052631579,581.0,27,2025-08-12 23:34:06,2026-05-13 16:13:00
UCkrELEOuj9daytAHNJJ62rQ,20,746.9285714285714,723.0,24,2025-09-24 11:41:24,2026-07-22 19:30:38
UCJ7DJvUPFjq5kY_L9oW8I3A,19,5939.166666666667,2735.5,27,2025-09-09 09:42:17,2026-08-14 13:00:02
UCygYnLZET_WbkdwtqTq3nqQ,19,223.2941176470588,9.0,19,2025-09-23 08:38:43,2026-08-11 01:58:12
UCaTTG7s0vaiYBs0nfsAeRtA,19,143.47368421052633,41.0,24,2025-10-30 21:00:09,2026-04-21 13:23:15
UC7Yz8O2BxXSLKvINKY6oFFw,19,34.21052631578947,4.0,27,2025-09-06 13:30:29,2026-06-07 17:34:08
UCO3Vo8hIBNgunZ_Pw1252RQ,19,216.0,141.0,10,2025-09-03 11:54:42,2026-08-08 15:56:04
UCY4zRrEYGM5IM5L0S9JjMBA,19,1140.2777777777778,1241.0,22,2025-08-27 13:18:31,2026-07-05 05:27:04
UCm1qDZnSWGCzUKPPassYDiQ,19,132.05263157894737,67.0,20,2025-08-22 12:31:09,2026-07-12 12:30:44
UC9OFIAlQUHydWuX6yp6svnA,19,384.5263157894737,52.0,22,2025-08-17 13:00:02,2026-07-10 15:15:26
UCdRpJveirVNciVkyTCHuZTg,19,166.66666666666666,16.5,26,2025-10-12 12:00:26,2026-05-08 11:10:22
UCoDvO1KbLPjMXYa-Aj18PYQ,19,11.421052631578947,11.0,22,2025-08-23 12:54:49,2026-06-06 18:41:01
UCrXI1p2myq2ALAdOOqKfeMw,18,31.944444444444443,28.0,24,2025-09-08 10:13:53,2026-08-05 12:11:34
UCLfI7lOtm01bguQDCie4gfw,18,233.33333333333334,5.5,19,2025-08-09 04:16:58,2026-05-18 19:50:32
UCbVQqtfleeHMKZaq9TBWFSg,18,3357.294117647059,2526.0,27,2025-08-17 12:15:08,2026-07-31 12:12:06
UC2EifjzrECn5c2j4wSsY3yQ,18,2334.5,2077.0,27,2025-09-30 13:33:15,2026-08-07 12:22:09
UCdjoD5uwST8T6qb7Vt90TEw,18,6316.166666666667,4126.0,17,2025-08-12 12:30:20,2026-02-26 12:16:24
UCvTeEvbxfLRdKZG4qnaqljw,18,258908.55555555556,1984.5,24,2025-08-12 06:43:46,2026-07-07 03:59:07
UCslRW-MtsSb28fIxLf7bxiw,18,11380.555555555555,6601.0,27,2025-08-08 09:30:19,2026-06-14 12:30:35
UCqxWwFxghjlsg75WBz5Sf0A,18,896.7777777777778,848.0,20,2025-10-12 02:50:32,2026-06-22 16:21:29
UCEqE65cypxRbA30Z-0WNsUg,18,54.05555555555556,56.0,27,2026-01-07 05:23:25,2026-06-18 13:08:26
UCTg_gEVQrhDOk3tYWQKjrMg,18,573.4444444444445,286.0,19,2025-09-21 13:48:32,2025-12-01 14:55:49
UCFtEiNuNNFr1SqbLamWsLVg,18,47405.055555555555,28531.5,10,2025-08-08 12:39:55,2026-07-03 04:30:20
UCJS5ypRI2mPtTne0c8WNzBA,18,562.0,114.0,22,2025-10-25 17:12:35,2026-05-29 16:24:38
UCRqYdYBE5fOOUDM5rN_zDow,18,5.333333333333333,4.0,27,2025-12-22 06:32:34,2025-12-22 07:36:20
UCRFhFna_F5-fsgCiCEdtdtQ,18,2666.6111111111113,586.5,24,2025-09-20 11:00:06,2026-06-24 11:00:06
UCS00preUqXYy1PDLHwDBooA,18,20363.4375,17282.5,1,2025-08-11 14:03:59,2026-07-09 15:03:34
UC3bw8xIeABdJWxPBu1B8-tQ,18,1157.875,1531.0,24,2025-10-11 20:55:28,2026-08-14 14:10:50
UCPiz57EXC6DonJlvEdcYW7g,18,3337.8888888888887,2517.5,22,2025-08-21 14:33:00,2026-08-04 13:47:49
UC4ZluxTwj9Iv2--vWmkmGhA,17,400.75,29.5,22,2025-10-19 03:43:52,2026-08-06 15:42:29
UCQTE5flCtK6clteXHbNGoEw,17,981.8125,1142.5,24,2025-08-11 12:13:34,2026-08-09 11:00:14
UCtaw5NwO3T8Do1CobY4uP5A,17,32.529411764705884,11.0,27,2025-08-06 04:22:39,2026-08-05 05:54:05
UCv50lhIEdFjQAVZk2C6WaVA,17,622.5882352941177,44.0,24,2025-08-22 10:30:29,2026-08-07 11:30:17
UCusvl0DsifRAeHH9YQhdBOA,17,291.05882352941177,126.0,28,2025-12-21 13:00:44,2026-08-08 13:30:14
UCeY7yf59J4RnnNF8j3C6_EA,17,1121.4285714285713,1274.5,19,2025-09-12 08:30:26,2026-03-08 03:30:32
UCLX2CWmuMTJItPBfhxEe_Qw,17,515.0588235294117,68.0,10,2025-08-29 20:00:13,2026-05-19 18:25:09
UCvFsImba8TjT2y0mHPGyfEQ,17,420.70588235294116,95.0,22,2025-08-08 10:43:29,2026-04-28 15:19:50
UCiXej9m-USlWk6PQPK2qx4A,17,5823.64705882353,934.0,19,2025-08-10 14:06:33,2026-07-03 12:30:18
UCbEgjt5X7RukN-W6-EgGGTQ,17,398.53333333333336,471.0,27,2025-08-17 09:49:24,2026-08-10 14:23:57
UCFU48YOX172s0aEK7kWRebQ,17,1289.5294117647059,1203.0,22,2025-08-21 10:48:16,2025-10-24 15:37:42
UCUBWwMKVdkK9w33uBlbn14Q,17,423.8235294117647,50.0,19,2025-09-06 06:57:11,2026-07-04 10:07:20
UCrYz83P4L7pijkIC3beJMrw,17,1574.4117647058824,1313.0,28,2025-08-16 09:30:05,2026-08-04 00:15:09
UC13ZEX1Ik7H4KQ_zI_42b8g,16,4604.0,1831.0,28,2025-11-22 13:05:29,2026-08-14 12:30:36
UCmiaax5BUtJnA2wgQk1tSBA,16,3339.4,639.0,27,2025-09-01 12:30:12,2026-07-03 12:48:30
UCe9xGtZcuoDYP-dG3eliVog,16,5078.533333333334,4668.0,27,2025-09-24 13:43:19,2026-06-08 04:04:26
UCbME-rBhYmHQyYNIYCwQ61A,16,17720.3125,14993.0,24,2025-08-08 09:00:55,2026-07-02 10:00:25
UC3mmIoBuSauZBC3xr91wg6A,16,2446.25,1692.5,24,2025-10-17 20:06:46,2026-01-16 20:02:11
UCli-D_nbCgGwME2HM71GFRg,16,1400.9166666666667,663.0,1,2025-10-17 09:30:38,2026-03-24 04:51:30
UCHCXKEt4bfz4E10WiWjV06w,16,4.25,3.5,27,2025-08-27 13:09:38,2025-08-27 15:07:57
UCpEaeLN7qRmOyLQ6802sxnw,16,99.25,39.0,22,2026-02-02 03:05:11,2026-08-02 09:33:53
UCJnpOOY57DOHCzP3VfzzJdg,16,60.785714285714285,20.0,24,2025-09-21 13:10:56,2026-08-12 05:33:48
UCeUy_Yo5JtGc3mK7PrRQaXA,16,50.0625,45.0,27,2025-08-07 14:00:30,2026-05-28 11:30:05
UC71SYqwZvY_kXqVA30F-awg,16,14913.333333333334,15279.0,2,2025-11-21 11:53:26,2026-08-13 14:45:31
UCbF5AFeT5KlPCPNowaYO_xw,16,524.75,97.0,26,2025-08-10 19:34:05,2026-06-26 21:28:06
UC_8piOF1wuGXfqPX9jBqw5g,16,424.9,88.0,20,2025-08-29 21:05:58,2026-01-28 11:40:06
UC9FHIfeBxEAaKxQxTQBsIiw,16,255.875,56.0,22,2025-11-28 09:41:49,2026-07-28 16:06:39
UCJqXZhfyc6i5D_ST2xTrnqQ,16,2552.1875,1450.0,26,2025-11-01 17:02:17,2025-11-23 08:53:28
UC93xdlF6xLczANxZ3FIaZtg,16,1550.1333333333334,1428.0,19,2025-08-06 08:00:28,2026-01-30 14:26:15
UCAnaf0qpf7cqeDgIm-3fqEw,15,926.6,363.0,27,2026-02-01 12:30:21,2026-04-21 12:30:04
UC2VV8PlsjYVQ_0KaB0QFOuQ,15,785.2,614.0,19,2025-08-16 23:46:11,2026-08-03 13:59:19
UC1CwGYsVlzL2L9vjOACo8HQ,15,204.2,168.0,28,2025-08-09 16:44:37,2025-11-20 14:51:36
UCIpRohocW81FPLQtkXvdxSA,15,164.13333333333333,37.0,26,2025-11-12 18:37:35,2026-05-11 16:11:21
UCfyhC0QzEkixD8QZZkdYJuA,15,1348.6153846153845,107.0,27,2025-09-29 03:12:25,2026-08-05 10:15:11
UCIprmN58Cn66vO3eCEuxj6w,15,39.2,14.0,29,2025-11-07 10:38:20,2026-07-09 12:01:28
UCbFwBydUOii24oZK1BlyVig,15,249.64285714285714,189.0,27,2025-08-09 09:41:17,2026-07-26 14:47:26
UCA6rfmZi5ahsefK_d1dL_iQ,15,1070.3333333333333,1256.0,26,2025-11-29 04:14:23,2026-05-18 05:23:09
UCw8PHXcDN6m-3peBHie0D4Q,15,5660.071428571428,3497.5,1,2025-08-08 23:30:21,2026-02-23 01:01:06
UCAZo0DAtgDTX73DoKNOeULQ,15,240.46666666666667,208.0,27,2025-08-18 05:27:55,2026-06-26 15:21:19
UCAMsRjG1ksFFUtr_RrDx6Ow,15,705.5,271.0,26,2025-09-14 04:30:18,2026-08-10 08:25:20
UChHFZuzE4ypoL6pAG5QT_vg,15,194.07142857142858,41.0,19,2025-09-25 14:18:03,2026-08-15 11:37:16
UCh6JCH8SaHszxg5ohYry2Uw,15,278.93333333333334,55.0,20,2025-08-06 03:59:42,2026-08-08 15:30:24
UC3_6JE9CGrli5OpD9LzsaZw,15,1033.2307692307693,105.0,27,2025-08-19 21:38:00,2026-07-28 01:58:28
UCNfMWJoqElI12ZBECVf-EpQ,15,1276.2142857142858,1133.5,22,2026-03-08 07:59:09,2026-04-28 03:18:00
UCTl51y3M5E57mgsP-Lcu5SA,15,72.64285714285714,44.5,22,2025-08-06 13:01:01,2026-08-12 06:11:30
UCpShxz203bRY-i5AXqC5b5Q,15,1029.2666666666667,1193.0,24,2025-09-06 11:01:23,2026-02-03 12:01:05
UC6wIzyDMurY7mdBtch8J-4A,14,21.571428571428573,3.5,2,2025-08-27 22:01:00,2026-07-06 13:15:24
UCOhlt0l_vucCrUDphPAJnbw,14,44.53846153846154,18.0,27,2025-09-23 08:28:59,2026-08-11 15:52:51
UCHNytuiwfPoT3DxwT-rUnrA,14,441.57142857142856,122.5,27,2025-08-12 12:31:09,2026-07-03 09:29:04
UCa88YtDPapWLhAF27pN0CXw,14,413.35714285714283,178.5,17,2025-10-31 16:40:17,2026-06-23 17:07:34
UCz5jwZ7Uy7e48395b0F5EpQ,14,1307.6363636363637,1035.0,24,2025-08-15 14:27:06,2026-05-24 13:37:56
UCQhsAI7uklhtmd1v00yYgmg,14,641.3076923076923,332.0,22,2025-11-24 14:44:15,2026-07-12 12:10:32
UCRDv7vV4VEb4Z9iICcXb0qg,14,8.142857142857142,2.5,22,2026-01-21 01:49:12,2026-03-12 09:51:42
UCzahqaa2ALnJH4d2iYD5Q6A,14,652.8571428571429,353.0,19,2025-10-19 14:12:56,2025-12-13 10:29:18
UCRLApdXlS7QMsGzhodZkcWQ,14,64.07142857142857,15.0,26,2026-06-20 05:30:03,2026-08-03 13:28:39
UCSJxRBufbeKd1uP37YjUIew,14,1384336.375,1034527.5,1,2025-08-08 19:32:42,2026-03-17 11:01:07
UC1NK0SMJcjklYjxObnLdLIg,14,322.42857142857144,23.0,24,2025-09-28 03:49:35,2026-07-11 09:39:42
UCC6cU7x6NQPW8-FXpVL_Ubw,14,133.35714285714286,100.0,10,2025-10-14 02:08:24,2026-07-20 05:50:16
UCf3lz5ACRKO0OMuALMoqKSQ,14,64.85714285714286,39.5,10,2025-10-13 13:01:25,2026-04-16 11:54:42
UCYKjn9iCmibb9HlVvKfItzQ,14,2309.0714285714284,1229.5,27,2025-10-07 20:46:30,2026-05-18 21:39:20
UC9Q-CioDRFJ-DyvETHA-yIw,14,604.4166666666666,174.5,22,2025-08-11 10:25:04,2026-08-13 16:20:18
UCI-x6y_hJVLEgBBy_LPHwEg,14,701.9285714285714,749.0,10,2025-11-09 01:39:11,2026-06-05 07:13:35
UC1Aj8yz188DuFBc-Kj54ydg,14,12.571428571428571,6.5,2,2025-12-07 21:59:11,2026-01-24 16:22:58
UCsn1gpE8FtUvpYF_cliZXCA,14,840.0714285714286,1024.5,24,2025-10-16 03:55:17,2026-07-26 07:57:50
UCVxYtZ-CJ-C4_KVxjXfpW7w,14,964.3846153846154,404.0,27,2025-08-20 11:25:46,2026-08-11 10:25:03
UCr0wete04v0G3l7YhtBROTg,14,1897.8461538461538,106.0,25,2025-10-01 00:37:46,2026-08-13 16:07:57
UC0zU3QU64WZkSp2XB5ZMhgQ,13,4.538461538461538,5.0,27,2025-09-07 02:13:20,2026-03-26 12:30:39
UC_OVGNPj6MFL1nZOU05HIZA,13,5242.7692307692305,2733.0,20,2025-11-16 17:41:21,2026-07-14 19:23:24
UCu-3suV6l3eSFmgWE4EDYig,13,1071.1538461538462,1080.0,27,2025-09-27 11:01:25,2026-08-06 11:00:11
UCSAjgIRjptweFU0OlCT6HHA,13,895.7692307692307,1133.0,19,2025-09-24 17:13:37,2026-05-28 06:12:14
UCxsE32DTIPVMUulrQdpjgVA,13,17.53846153846154,13.0,28,2025-08-26 10:50:31,2026-07-06 01:29:31
UCJecxLpq6S85RIxob7xA8zQ,13,95.07692307692308,66.0,27,2025-11-14 04:49:42,2026-08-06 05:55:05
UC-dUZzq1QCwTl8lcygVC3Kw,13,789.0769230769231,384.0,19,2025-09-07 05:49:33,2026-05-16 03:39:51
UC1umYE2h8kw5VSayKN4TQgw,13,1.25,0.0,19,2026-01-17 10:30:43,2026-02-10 08:24:19
UC5XdyMfWO_owa1djGBzJ3tA,13,772.625,219.5,26,2025-10-29 07:08:10,2025-12-17 03:20:29
UClz-gBcrU1QlKyQ7zka5crw,13,5630.833333333333,1131.5,27,2025-10-31 15:30:31,2026-08-01 03:22:56
UCkC9kVrk-S6r_yYQMmoFiOw,13,285.0,139.0,27,2025-08-08 16:27:21,2026-05-14 01:24:14
UCMAsfTnEwlF5UiwIqNd7RBA,13,618.1538461538462,224.0,22,2025-08-10 17:27:05,2026-02-22 17:58:20
UCdVgwss1DdE-lhbxPmQtvfw,13,870.1538461538462,375.0,10,2025-08-06 09:51:39,2026-07-16 09:28:00
UC2pw0ErRwoHfqYD-mF3uobA,13,237.23076923076923,13.0,10,2025-10-18 13:00:37,2026-03-27 06:29:01
UCUXV0cbhlsrtRqeaf5VQN7w,13,100.46153846153847,75.0,27,2025-11-16 12:04:23,2026-06-16 18:45:19
UCpbPQKH_baICKnhM4oXU4rw,13,2510.6923076923076,205.0,22,2025-09-07 22:01:37,2026-05-08 20:16:28
UCqvtWqWtJnqzPu_eDFBqkMQ,13,17.307692307692307,13.0,27,2025-08-11 01:15:22,2025-10-19 03:27:09
UCXAe802OKKW5ieks_GEa9Bg,13,474.3333333333333,98.0,19,2025-08-22 17:32:34,2026-03-18 00:28:28
UCVc_jmqkqUNgEqBZ2pxOyyA,13,126.76923076923077,65.0,28,2025-12-24 07:18:29,2026-07-07 02:21:07
UCKLfD-2OymIlCtLE0XKcIdQ,12,5174.5,4198.5,10,2025-12-10 07:15:19,2026-03-14 01:30:39
UCa870dAVqsigV788JFDcFoQ,12,1035.0,540.5,10,2026-02-14 08:17:20,2026-07-18 10:46:32
UCa7gwvAZcF9J3fZ9hVCRy2w,12,9.333333333333334,10.0,27,2025-10-02 01:05:42,2026-01-11 12:12:35
UCQ6L2ypVzI9_oc-CNgJRDbw,12,2131.0833333333335,243.5,24,2025-10-03 19:57:42,2026-04-16 17:25:37
UCyaLJz8Ss1GG4FR1SmvNobQ,12,775.4,1084.0,2,2026-08-03 14:21:05,2026-08-15 13:07:19
UCrFC6GNQ6cRiJ_-qTZ4-SQg,12,82.41666666666667,13.5,26,2025-08-26 04:16:23,2026-05-23 02:35:02
UCjFSAzgoCbyyRV1gOxj5jFQ,12,2853.5833333333335,1716.5,2,2025-08-29 01:54:48,2026-02-21 11:30:06
UCFt4pdP-SVhGaxP7_nizNxg,12,3813.25,3057.0,27,2025-08-31 14:26:40,2026-06-08 13:36:55
UCT7nEVl5HT_dkOO_T8nZtWg,12,78.75,57.0,22,2025-08-18 22:00:36,2025-09-03 19:35:00
UC6ozx8WIrsafsnu1ILiBAPw,12,1176.2,213.0,27,2025-09-19 15:39:46,2026-08-14 09:45:22
UCsR_n5mi_KSuMV5Jp0z4eXw,12,662.3333333333334,3.5,24,2025-08-31 01:10:02,2026-03-13 02:20:55
UC87gGhMz-Xwtt0U8WH4PEhA,12,5.111111111111111,2.0,22,2025-11-20 05:17:50,2026-08-11 11:45:29
UCfMf0hB7_TqCZ7SEjFaW05Q,12,33.583333333333336,21.5,28,2025-10-03 12:53:20,2026-08-08 18:27:27
UC9eNd1z_bY305oUh9wf3Pnw,12,834.25,341.0,24,2025-08-09 13:39:34,2026-08-04 11:07:28
UCtERcKvbnxIfdvyCLfzoFiw,12,3131.5833333333335,258.5,28,2025-09-04 06:02:41,2025-09-11 03:13:46
UCL0a-EYRi4YcVawwE3e6H3A,12,1554.3636363636363,764.0,22,2025-08-11 14:45:01,2026-08-11 13:00:27
UCJxp53t5rhR53Mt1364YnHA,12,1719.0833333333333,1142.0,23,2025-08-15 11:30:16,2026-07-03 10:30:17
UCdR-uNoela_ZZ2FKRsRnX7Q,12,262.25,148.0,27,2025-12-05 11:48:31,2026-04-06 04:52:48
UCBgDk1vZ3yXidMHodTyziaQ,12,3052.75,2239.0,26,2026-01-26 01:34:26,2026-07-03 06:46:43
UCKpVunhV9C8UyXZ-5GtsH7A,11,5372.0,2780.0,28,2025-09-05 14:00:01,2026-08-15 12:51:41
UCy2IuvOpQF-EKt35IVa465A,11,723.4545454545455,319.0,22,2025-12-08 04:12:53,2026-06-23 10:11:50
UCWa_ETiC51qsIoDDuMb1rEA,11,1219.5454545454545,1247.0,26,2025-09-14 09:35:25,2026-06-27 15:43:03
UCBOwsiDmcO4GZox1oXEhVOQ,11,391.45454545454544,342.0,27,2026-03-09 02:00:15,2026-05-28 14:00:37
UC4ho0lLB2HZDDG00D8cMBjw,11,42.333333333333336,44.0,10,2025-09-30 07:26:14,2026-01-02 18:41:05
UCoLLLeWm68JNN6qvqhTQTdA,11,1685.6363636363637,1962.0,20,2025-08-21 15:49:27,2026-05-24 18:19:46
UCGPABt5V42DB_-iG7ggPdxw,11,48498.90909090909,16835.0,22,2025-08-13 12:30:00,2026-06-06 12:02:02
UCoivH1o1CymKmymGt35MW_A,11,91.45454545454545,83.0,27,2025-12-31 05:59:27,2026-02-03 12:30:33
UC3SPJPvvFsTSnAxnczLbO4Q,11,1576.7272727272727,1099.0,24,2025-11-09 03:25:46,2026-06-29 01:19:03
UCv_fH6fNeuWRLy6YDrTElUQ,11,16.181818181818183,18.0,22,2025-10-09 16:23:21,2026-06-18 08:56:57
UCFFo-tTSx_4A5EkNrlpnWBw,11,523.0909090909091,261.0,22,2026-02-10 19:52:26,2026-07-14 12:18:14
UCUux47JaSJQ832JtZV8x8Xg,11,1388.8181818181818,612.0,20,2025-09-11 11:30:31,2026-07-11 10:30:14
UC7jmr8WfndtKCM187-6Y8aQ,11,3841.0,1553.5,1,2025-10-12 11:45:09,2026-06-01 11:45:24
UCmfh3qwEHXoJmL9lFdb9GMg,11,7519.909090909091,191.0,22,2025-09-02 05:43:28,2026-01-25 14:36:21
UCsjKl65yfiKQVI3lK84oKmA,11,788.8181818181819,1180.0,19,2025-08-11 17:08:24,2026-01-23 17:12:49
UC3BByjy9u00aF3VkranSn4A,11,1391.0,1342.0,27,2025-11-08 09:30:38,2026-08-16 01:00:00
UCj-OoQnyLFdasJVP9FjvxHw,11,520.1818181818181,309.0,22,2025-08-08 10:35:42,2026-04-24 15:16:00
UClVth-CgLPxHY7nlI1XdvYA,11,11657.2,9400.0,26,2025-10-09 21:45:03,2026-08-14 03:39:36
UCZkTyhvw22RoaP9Ovwy7SRQ,11,866.4545454545455,192.0,24,2025-08-11 15:14:45,2026-08-04 14:48:20
UCMxVzjnceGLgjvou7sP_JOQ,11,26351.363636363636,7508.0,22,2026-01-08 06:58:57,2026-07-31 10:39:48
UCQRnDZ3JD1OnOqiQIEX1cOA,11,85.0909090909091,76.0,22,2026-02-17 05:17:24,2026-02-28 03:04:32
UCiuSiMU2qUs7P6kk8BOUrDw,11,967.1818181818181,438.0,27,2026-06-17 18:30:00,2026-06-29 10:46:36
UCuhXxJbZMhYYRhDkRcA1n0w,11,228.9090909090909,129.0,27,2025-08-13 05:59:19,2026-08-08 05:37:26
UCdRVvNj2altgUNg2J9FS4iw,11,118.81818181818181,102.0,22,2025-08-19 14:30:47,2026-01-14 07:36:33
UCJiwb6N9nDmcgMcGbSk5qmA,10,16421.75,11928.5,24,2025-09-26 11:30:25,2026-08-15 10:47:50
UCRtOZlngzqpl4h2qjmCLh_A,10,71.71428571428571,50.0,27,2026-03-03 13:47:22,2026-08-13 15:42:31
UC7ujpR-Oq4LWeunmM0Q6aVg,10,7.5,5.0,22,2025-12-27 13:09:36,2026-01-10 18:34:55
UCUksuS_gCbvXH2p59HTqzNw,10,549.9,129.0,26,2025-08-14 06:39:28,2025-10-05 16:33:37
UCGduWUqYR_MVeD98RGXnZsg,10,148.0,110.5,22,2025-08-08 03:03:10,2026-03-29 02:36:37
UCvfagF5NmiwyATtP52OjZiw,10,374.1111111111111,100.0,27,2025-08-19 05:41:06,2026-02-26 14:15:06
UC4QrxCDvYZg67xrbygUjEXg,10,66.7,65.5,26,2025-10-07 12:45:52,2026-06-04 21:56:19
UC4ZlS2WAgu2lebXzWCkOCEw,10,886.8571428571429,402.0,20,2026-05-12 19:07:14,2026-06-14 12:03:34
UC-x9t_I5KR-6d7RciRJyLGw,10,160.8,106.5,27,2026-02-12 13:30:28,2026-02-21 13:30:19
UCy5hHpIBSTAJgkLGTDCfC2g,10,571.1,217.5,20,2025-09-10 11:21:21,2026-08-02 10:00:09
UC6V96mm3RSNFiE0IF7zmgyQ,10,62.0,70.5,28,2025-08-06 14:33:48,2026-06-13 03:32:13
UCeJqrlljHPxN05IBhJohdLQ,10,39.5,34.0,22,2025-08-15 03:52:37,2026-03-05 18:07:41
UCtE13R1Cx71ZmLnrDslv0UQ,10,1586.6,1526.0,10,2025-09-05 12:30:06,2026-07-17 11:00:06
UCgLDsQvSdgO6hySeDMrpveg,10,5.111111111111111,3.0,19,2025-09-24 08:54:05,2026-08-11 02:03:15
UCCPU60OWPKNPhXbuQi_EYTg,10,1106.888888888889,1236.0,22,2025-12-06 07:01:24,2026-08-15 16:00:28
UC7OJJA9sk3SCcatYvhC1_cg,10,10396.8,9214.0,26,2025-09-16 15:30:02,2026-07-02 03:12:05
UCioOLRA1euuTkNUiEOUdy0A,10,4660.4,584.0,10,2025-08-16 11:15:06,2026-07-26 13:30:28
UCiFSGwe2ihgvPzRG6J2oAcQ,10,181232.0,45011.0,10,2025-08-16 18:25:06,2026-06-10 12:30:20
UCkDRNsw7OyXktaNeDK22fuQ,10,30.5,17.0,24,2025-12-16 01:00:35,2026-06-18 17:53:31
UCWXds7dyenr4J6-Dg_vl6-g,10,542.0,220.5,22,2025-08-17 06:45:57,2026-03-10 16:12:59
UCIfXh8C1brJIcCeGut2NAUw,10,577.1,292.5,19,2025-08-16 12:26:36,2026-06-26 09:48:14
UC-DPeVGcDuJIfOf_kyQktdA,9,2000.3333333333333,32.0,19,2026-05-02 02:33:43,2026-08-02 05:03:12
UCm4PpnN0cCJfonRLbdfholg,9,209.77777777777777,90.0,10,2025-09-05 18:47:34,2025-12-30 17:28:48
UC0JUh3qtPxsi19gEH1FFb6Q,9,1699.6666666666667,1385.0,22,2025-09-29 04:28:06,2026-06-30 23:45:30
UCAVaH8ezG3ptjKuuVdIiGWg,9,4292.666666666667,2068.0,20,2025-10-08 18:43:06,2026-02-13 14:57:11
UC4MDglKGvqZwvKkvzzZ6eOQ,9,93.88888888888889,73.0,27,2025-09-15 15:03:45,2026-05-29 17:59:53
UC7eZRMotaAY1_obVckOawwQ,9,54.111111111111114,41.0,27,2026-06-05 04:34:43,2026-07-27 07:59:01
UCssyH6GaBeH-U54kXvWVp0A,9,80.66666666666667,54.0,27,2025-10-16 18:06:39,2026-08-03 17:25:03
UCHOaaFMWtIrK2BTiekWl1fA,9,326.77777777777777,9.0,2,2026-05-10 14:02:34,2026-05-23 04:10:48
UClsdV7cykCZwDEtaBTTsi3g,9,119.83333333333333,106.5,20,2025-08-10 09:33:27,2026-08-12 09:30:55
UC7FM0uQM531nxm_OmYb5YRA,9,1.8888888888888888,0.0,20,2025-12-15 00:19:07,2025-12-22 18:30:04
UCEVI_v1N1biPiiqdyYBRkMQ,9,616.6666666666666,280.0,27,2025-08-11 08:17:04,2026-05-14 06:40:20
UClZjmCu1KeD0Z0slhKUVb6A,9,106.66666666666667,80.0,22,2025-11-03 12:30:05,2026-06-14 12:30:36
UCkrPAn-DyFvgahWZyNbNCrw,9,461.625,452.0,27,2025-10-30 10:04:08,2025-11-24 09:58:48
UCUaTwt-9DnUEfMSR6KiKKCg,9,20.77777777777778,7.0,27,2025-11-05 18:36:02,2026-02-15 14:58:48
UCCKp8UXlGm8frgpY9heHSAg,9,91.0,82.0,27,2025-08-16 07:11:10,2026-07-11 07:37:34
UCD6z7VtU0dRWcwKo79E3vnA,9,704.3333333333334,287.0,19,2025-09-13 08:07:24,2026-05-30 05:24:13
UCuj-zW7iroia6oH_fRSbo5A,9,974.5555555555555,1135.0,27,2025-09-15 15:04:40,2025-12-10 15:39:26
UC25afovsrhvtrli23D2rkFw,9,954.75,437.5,27,2025-08-06 13:30:06,2026-06-07 14:51:45
UCwB_Er-7vhhWHbw2OEbXO9Q,9,2056.0,780.0,22,2025-09-22 11:00:21,2026-08-13 16:05:59
UCQv9bvGG-KOmBkdOLfROy_g,9,58.5,28.0,20,2025-10-20 00:03:40,2026-07-26 23:29:37
UC0PILy_NDXq2lgQM6KAwLaA,9,244.22222222222223,92.0,27,2025-08-09 15:15:19,2026-03-16 13:15:50
UCR-Y4PMIK9uyXKRTi8ZTRow,8,353.42857142857144,284.0,26,2025-08-09 16:42:28,2025-10-09 12:43:03
UCpe3knmqQvIFMVQAT1WoJOw,8,1207.375,1402.0,24,2025-11-15 16:36:17,2025-12-06 15:53:21
UCR0QiL98Eh9P3DNm_KdwxGQ,8,402.875,293.5,22,2026-05-14 12:00:50,2026-06-01 12:00:26
UCppiGsQiUnaAr3Xu31SxfNQ,8,530.5,115.0,26,2025-09-07 17:25:41,2026-06-27 12:16:09
UC92NR9WGugvuGAp-zLoB2uQ,8,43738.25,3890.5,22,2025-08-27 15:07:04,2026-05-29 20:10:05
UC2wXSzkbSzdMv7cJiN8PNlA,8,449.85714285714283,277.0,28,2025-08-15 11:48:58,2026-05-03 14:29:42
UCKV0oGm92oP_Xrzzr4Z8GvQ,8,4.625,3.0,10,2026-02-10 14:16:39,2026-03-17 16:56:17
UCZX9GpntowGTeq-9AMN4Jng,8,77.0,2.0,20,2025-09-22 01:09:22,2026-04-13 05:34:20
UCip4aHlh2lI4vN5Qu7F3jcA,8,217.5,116.0,27,2025-10-26 15:32:38,2025-11-23 15:48:57
UCHpfVofNf7_QA3gux58C3vw,8,1935.5,301.0,27,2025-09-05 13:44:29,2026-07-07 11:30:10
UCCxUCSXXiYONyoCbmw765fQ,8,9513.375,2848.0,24,2025-10-13 15:30:04,2026-05-25 12:24:07
UCvGMkIHn2ajtT6ukmBolg0w,8,2.4285714285714284,1.0,22,2026-05-09 06:28:12,2026-08-10 06:00:47
UCl4GxPzmK7X-0lbxtZn4H1A,8,811.375,312.5,24,2025-12-20 06:48:55,2026-06-05 07:18:05
UCSNkUhOctAc5NmZu6U8Ob_g,8,186.625,114.5,22,2025-08-06 18:24:51,2025-08-16 13:09:16
UC7R4h-Cu8M-6s8Eu-zvistw,8,365.75,41.0,15,2026-01-13 17:12:34,2026-01-16 21:51:29
UCUL5c_vw0lUdwuNuWYMYOVw,8,1158.75,1317.5,27,2026-01-16 09:45:04,2026-08-09 04:30:35
UCGgyOviVjB2PG7KSSgGzCkg,8,192.0,15.0,22,2026-07-25 03:02:48,2026-08-15 17:20:15
UCJ43swVAuezuAQvd-e4yZiw,8,808.5,811.0,10,2025-10-13 12:05:02,2026-03-27 07:51:09
UCoq-esaiThmy5HvMXDi9l8g,8,188.125,12.0,27,2026-02-22 02:56:43,2026-07-06 21:45:41
UCBWxUVttX_60ByanYnmhC8A,8,11151.0,11864.5,24,2025-11-02 13:30:07,2026-02-16 13:30:06
UCRxtmiVtWSuYzB4guuP8QCQ,8,339.125,145.5,27,2025-10-22 12:30:20,2025-11-18 12:30:13
UC582tKu9uYPbUy0AesZLKaQ,8,469.14285714285717,35.0,22,2025-09-08 13:45:06,2026-05-15 11:49:19
UCGh_RSoZ-ysYwURv1xi-MNg,8,768.5,681.5,24,2025-10-07 12:30:33,2026-05-07 11:30:58
UCYRB4kOQMdEY1V9jqlS4DSQ,8,15305.0,955.0,22,2025-08-09 11:32:54,2026-08-15 14:28:59
UCMRWtvxIE4HuK126ftGe0vw,7,512.4285714285714,327.0,10,2025-08-16 10:30:33,2026-05-24 01:30:33
UCixnmEcCoeqdrwyh9B3NkQw,7,525521.8571428572,404589.0,22,2025-11-18 04:54:45,2026-07-23 12:45:49
UCuP0O_K9SQ_A161_88P2vMg,7,11.5,11.5,22,2026-08-05 19:26:33,2026-08-13 07:54:06
UC_PSyimgfxjGwbEU2lBK8fg,7,97.83333333333333,4.0,24,2025-08-07 12:30:26,2026-05-24 11:30:25
UCqHDGZmlUf-w6_xs6Ftou0w,7,105.0,81.0,19,2025-12-01 16:52:26,2026-07-29 17:12:17
UC5HxC8ayf9jtSs7S-9e4VoQ,7,316.42857142857144,145.0,19,2025-09-24 04:30:22,2026-08-02 05:53:29
UCTEJ4W5JKFdSiuzYctwrGWw,7,40.57142857142857,26.0,19,2025-10-22 03:56:27,2026-06-15 08:38:20
UCm1A3SVXafnThr_q4TYso-Q,7,123.85714285714286,106.0,1,2025-09-11 04:15:25,2026-02-15 00:11:12
UCLEL2TIUpZNlfU77v8oDEIA,7,367.14285714285717,271.0,17,2025-08-31 10:24:16,2026-04-09 10:03:32
UCUS66pvRB4cGRfHstA27yow,7,26.428571428571427,9.0,22,2025-09-05 15:38:59,2025-11-23 05:39:00
UCYEgmp7XAG9nLZ14AjfRJPg,7,1917.2857142857142,1235.0,22,2025-08-10 05:03:45,2026-07-08 15:29:43
UC0Odu6ki3chBGG0m8WOfQ1A,7,420.6,381.0,27,2025-09-20 11:02:57,2026-08-14 09:05:13
UCQDcZzklcr9wG6_envEg1aw,7,209.57142857142858,90.0,19,2025-11-10 06:58:19,2026-02-13 16:03:05
UCMtFYcgWdwxUyHcVP_yn-Wg,7,1320.142857142857,224.0,24,2025-08-12 14:16:40,2026-03-25 04:30:39
UCo_UvC4favKdiBZGxmV1dEw,7,39162.0,36422.0,24,2025-12-19 13:41:21,2026-06-03 14:28:44
UC4OSoe8zDYgefBi5mvrzp8g,7,707.8333333333334,68.0,22,2025-09-09 17:21:15,2026-04-09 14:55:40
UCBK0woGXNLVT7w6_RReRSZw,7,89.71428571428571,86.0,27,2025-10-20 05:49:27,2026-03-12 08:18:48
UCoSzsIgJZY52iiWu5YNI0Xg,7,75.85714285714286,56.0,28,2025-08-06 19:19:10,2026-07-22 15:06:37
UCHi6vQsEP-OPzsWPTtcT_pA,7,785.0,759.0,22,2026-01-30 09:07:52,2026-04-24 12:20:06
UCgFwEPjesVPealYxDA59G4w,7,150.42857142857142,199.0,27,2025-08-08 02:16:44,2026-07-12 09:35:36
UCgEye_rR-GIgKO7ulUIY2KA,7,1170.0,1240.0,19,2025-08-08 08:26:01,2026-03-09 13:45:21
UCg_igEV3g4WozGAMxCMUuzQ,7,3429.5,1413.0,27,2025-08-29 17:30:50,2026-07-15 20:00:07
UCuVGa4RXvRj9K-AjH8qu8iw,7,620.2857142857143,188.0,22,2025-09-06 11:40:28,2026-03-31 11:18:51
UCOSDCKySgbPGwsWssUQJ_Aw,7,481.57142857142856,351.0,22,2025-08-17 13:00:41,2026-06-07 18:45:03
UCOVTf2ok42TvsnEgRdJ7xIg,7,2291.714285714286,2094.0,22,2026-02-08 18:11:30,2026-02-22 04:15:29
UCkaOv8sDM_kJTDseGM0svFQ,6,170.16666666666666,171.5,19,2025-08-10 12:24:52,2026-04-19 04:25:49
UCNmTOVmz9i5pKOtCwBWaiBA,6,14.0,8.0,27,2025-09-09 12:32:31,2026-05-31 06:02:10
UC_V-6mk0k4fgoVZ0gEDpdCg,6,148.5,110.5,26,2025-12-31 15:28:04,2026-01-07 12:17:46
UCA3REx5WMV1EBgODAoLqaDg,6,191.5,115.5,10,2025-10-01 01:00:51,2026-05-10 02:00:43
UCwYOKrI5JtMZNPd4mqGHeAA,6,2377.1666666666665,1825.5,22,2026-04-04 10:18:59,2026-04-06 06:38:36
UCiUVXpCthSBRKpi0nOTvy8A,6,716.0,680.5,24,2025-08-17 12:12:03,2025-12-05 08:21:14
UCtbMcCpm7TnZv2rVb8P0bPA,6,360.6666666666667,65.5,26,2025-10-11 08:25:08,2026-04-20 06:50:56
UC90KjqMN271k9B-LrttdohQ,6,400.0,429.5,2,2025-09-09 03:47:31,2026-01-25 05:29:08
UCDtGLOgqsOq5CsKww-gMKug,6,986.0,820.5,19,2025-08-17 16:27:39,2026-06-15 14:37:40
UCec7z4QdSYNwq8AeG-lm1vQ,6,87.5,105.0,24,2025-10-18 02:47:20,2026-05-09 13:40:01
UCEQI9Rl5ooaVHSpQJhrSLRg,6,155.83333333333334,122.5,27,2025-09-05 17:06:21,2026-04-03 15:26:12
UC_rkzhvmz3R-_aYU_Rh2ZhA,6,27.5,13.0,28,2026-03-05 11:44:22,2026-08-15 16:54:26
UC91zuFIl8RaKI8zyYTxxTbw,6,15.833333333333334,14.0,20,2026-01-11 04:30:47,2026-02-12 06:30:26
UC-k23IT4BIkIDiEPq4wfuvg,6,539.0,208.0,28,2025-08-10 13:37:56,2025-10-19 10:30:37
UCXu53i4KYcDjg1ZutqG0SkA,6,77394.16666666667,76620.0,24,2025-10-07 09:08:40,2026-06-10 04:30:18
UCPcxWabnRXEBtv7OUTmxCRg,6,14.666666666666666,8.0,22,2026-05-16 17:32:59,2026-05-16 17:33:42
UCItKcf1vUWipiblPz10Xt2Q,6,76.0,47.0,27,2025-11-26 17:44:10,2026-08-15 09:44:17
UCbBg9ciEbbze0Vggr9-27kg,6,57.0,58.0,28,2025-08-19 09:39:58,2025-11-27 16:50:00
UCSAaDYVaWu7GrakPI03rekA,6,961.4,1170.0,22,2025-11-24 15:11:25,2026-08-15 16:37:09
UCoZ033KNH_WZ71YO_Xeb1tQ,6,28.833333333333332,8.5,27,2025-10-24 12:25:00,2026-05-29 13:30:04
UCATWuIdqkw_GD4QUwWZNvIg,6,1148.8333333333333,520.0,26,2025-09-13 06:34:11,2026-03-05 10:09:22
UCVXPzS5mfDI7mMkL9aU7-lA,6,368.3333333333333,76.5,28,2025-09-12 11:00:53,2025-11-05 07:16:39
UCHAo3YIe-kI2cpZlWlaQQdg,6,29.166666666666668,30.0,28,2025-08-13 14:43:45,2025-10-31 04:10:06
UCGj1NgCTpbq2enP19st832Q,5,292.6,283.0,27,2025-09-13 11:33:10,2025-09-23 09:11:58
UC-Hxo3qlOP7YVRmTALgbKDg,5,1465.2,1621.0,29,2025-09-09 11:22:31,2025-09-27 16:00:46
UCmt071rPT56oX8GhULJXdNA,5,1525.2,454.0,26,2025-09-08 16:10:28,2025-09-21 12:10:42
UCOlj_oWWyxC8zTTD4hW20Hg,5,14.6,14.0,27,2025-09-14 02:07:04,2026-05-13 12:01:39
UClj1jcCijqr3cNK__a0ILTg,5,240.4,249.0,20,2025-08-13 11:30:29,2026-07-24 14:00:03
UCjZ2F6FgeUWikPhJwt4XPeg,5,24.8,18.0,22,2025-09-22 07:35:13,2026-06-06 12:25:57
UCqSdOAMLAPYvpH1Ad9x6PiQ,5,532.6,397.0,27,2025-12-26 11:30:24,2026-01-15 10:30:29
UCB8UmdB2DWy1JurRqJdMh2Q,5,511.6,524.0,27,2025-11-18 13:58:53,2026-01-20 05:35:26
UCWFLl-CvQuH7KuS1cG5HDag,5,212.4,13.0,10,2025-11-09 14:37:36,2026-07-27 17:07:31
UCVxj5kYiObrNhW0ALLZT2OA,5,993.0,993.0,22,2026-08-08 05:17:32,2026-08-11 16:26:29
UC1UDo2FA3p56DIUzTJyl_BA,5,503.6,238.0,25,2025-08-20 18:50:59,2026-08-04 10:25:54
UCx7IMFXTzwjqjItOVu27xWA,5,1843.8,931.0,27,2025-12-02 08:14:54,2026-03-28 23:39:56
UCMaaHPGQcfXI7Mm9E5OS9mg,5,41.2,38.0,27,2026-02-19 14:26:10,2026-05-19 07:35:01
UCYab7Ft7scC83Sk4e9WWqew,5,4204.75,1039.0,27,2025-09-14 02:58:06,2026-05-15 09:35:28
UCpTVl9X6DWYeAhaSgZ2qOXg,5,56.8,23.0,20,2025-10-14 10:29:39,2025-11-26 06:00:04
UCwVWiYQYaxJGeATlp7FcvgA,5,38.5,38.5,24,2025-08-19 12:30:48,2026-07-03 12:59:28
UCMuM7FlVYYcU1TgxZfgocUw,5,53.4,18.0,10,2025-10-21 11:35:00,2026-02-22 12:30:07
UC9NRtBdZI5e_FcNt1NVqAJw,5,2011.4,532.0,10,2025-11-03 03:30:35,2026-06-19 21:49:22
UCDAtFLQzBxvZRToRs4DQm5A,5,32.8,18.0,20,2025-10-24 18:50:37,2026-06-29 07:13:31
UCHxpqUinwcP0HGde9G8_lhQ,5,26.6,24.0,27,2025-08-31 20:05:19,2026-08-08 10:34:04
UCWlUGmy5FRv8VcrOuL-6brw,5,697.0,928.0,27,2025-09-07 17:10:44,2026-08-02 03:49:03
UCAGGSbfTK_ALGx0OIzlxIzg,5,460.4,237.0,22,2025-10-22 19:19:49,2025-12-12 17:31:21
UC_h2bQ1Z2xjQ6yZ1Fz3_m4g,4,6.25,4.0,27,2026-04-28 11:40:32,2026-06-02 09:51:28
UCWsUDyhzoPIk66QwjgN0PVQ,4,1138.0,689.5,24,2025-08-30 06:09:04,2026-04-29 11:58:43
UCLg7bhEiPdDgWR2IqY5spPA,4,27.0,24.5,22,2025-09-26 23:30:51,2026-03-20 10:59:47
UCMLIyHcIe-mJIUYXik78Lbg,4,502.0,128.0,15,2025-09-04 17:28:10,2025-11-13 01:45:55
UCWfBigcn2sySQZgHEqhk1WA,4,13.25,12.0,27,2025-08-20 05:58:37,2026-03-13 04:13:35
UCKbJeIgvA3iIFn-xcrTao0w,4,5066.0,4275.5,22,2025-09-12 13:23:16,2026-05-24 06:36:44
UCBh95Tb8VbZaE9hWrfaJV3g,4,78.0,80.0,10,2025-08-28 18:51:13,2025-08-30 08:53:33
UCeoDR-WH6K0tfAJYDjhlRkg,4,82288.25,1075.5,19,2026-05-18 17:22:05,2026-06-03 02:14:43
UCivFNcrEKJM-O0nEeKelbrA,4,382.0,366.0,26,2026-02-08 18:14:21,2026-02-11 16:36:39
UCh7qyAp8tVXNDT3aNgWkNIQ,4,1024.25,1272.5,10,2026-07-06 12:11:05,2026-07-12 13:44:57
UCN1XI_n3jej7AooOxI5m-bw,4,93.5,67.0,19,2026-02-03 21:34:18,2026-08-08 11:09:53
UCr4thVLLk6dHI8atSOxc2-g,4,92.75,90.5,27,2025-11-01 17:21:22,2025-12-02 12:08:15
UCSUgxEjFb3WuUjSKXLBa7Cw,4,68.5,79.5,19,2025-08-12 03:02:58,2026-01-02 06:29:42
UCvTKDYk0Q_E0jocotOjX0Vw,4,12.5,15.0,26,2026-03-08 16:43:41,2026-03-08 18:20:14
UCL_cbNnOg7pj5QfstyHgnzQ,4,331.75,122.5,2,2025-09-18 07:51:46,2025-09-25 10:59:14
UCwwC9ORP7PauXfWqNFspn6A,4,18860.5,18860.5,28,2025-09-19 13:20:12,2025-10-01 12:58:00
UCh3GrXnn4N-8kUkK2A3rJMw,4,71.25,66.5,10,2025-10-18 15:30:43,2026-02-06 06:10:33
UCnEjW_csTqguFWmsa0cAVjg,4,753.0,544.5,27,2025-10-07 09:19:11,2026-05-26 04:01:16
UC6N7DzFcwGF5qEHxMT19qRg,4,218.25,20.5,22,2026-05-20 03:33:41,2026-07-30 12:55:13
UCp4lEV1j8dn0qfOnDtsjb-w,4,23.5,22.5,27,2025-11-19 10:36:34,2026-06-05 10:03:54
UCq-OagnQPrWpSBDjxpnW_4Q,4,24.25,10.5,29,2025-09-03 17:09:15,2025-11-26 01:31:32
UCp9rkCYFssr2Tqk2OU8N6Uw,4,71.75,67.0,28,2026-01-06 20:01:15,2026-07-20 07:46:08
UCHk5l67ziidzTizuGpxRm6Q,4,669.5,692.5,26,2025-09-05 17:24:16,2026-03-14 01:46:08
UCmFbFu4BR_s_0wyRpMgcneA,4,3.25,3.0,27,2025-08-08 15:34:51,2025-08-10 13:58:51
UC36t-pxv6m9J_7LsCZamBog,4,57.0,44.5,27,2025-11-10 13:30:39,2026-04-20 12:01:29
UC9rmzxIs5T6bK-C3tnKTN9w,4,683.0,805.5,1,2025-09-14 05:49:15,2026-03-17 14:09:10
UCqrobWacRezkU_7BCXDVeXQ,4,257.75,222.0,27,2026-01-28 05:05:50,2026-03-04 00:27:03
UCI7Ntpy1foFPtg2Y7Zggzdw,4,472.25,196.5,22,2025-08-11 10:12:45,2025-08-11 14:46:29
UCxYOwAXGyFB6fBqVcWF7SLQ,4,6126.0,2143.0,10,2025-12-12 13:38:16,2026-08-15 15:00:06
UC6vuh8FZ1LbEgQfTatpVdug,4,68.25,74.0,22,2026-01-07 05:50:48,2026-01-28 08:48:58
UC75XOkdNJO-kRS83rCLqIfA,3,1456.3333333333333,979.0,26,2026-04-02 11:36:46,2026-04-04 11:19:12
UCFIHgi9S1N9xfyw9iEhd_eA,3,22.666666666666668,26.0,24,2025-08-11 14:33:32,2026-03-28 08:00:00
UC_Q5RviNZauvlA2ePqtcUyA,3,99.33333333333333,123.0,28,2025-08-06 11:45:02,2026-06-28 11:30:05
UCljTXbhUOR5waxd9gRTLgaw,3,502.3333333333333,479.0,25,2025-11-30 04:28:16,2025-11-30 05:04:43
UCU5IVO_FORfKSB20wwOxOaA,3,11.333333333333334,5.0,26,2026-04-13 19:20:17,2026-04-15 20:36:26
UC33IJkbAeUDvoOuk14lSkTA,3,2022.3333333333333,2165.0,28,2025-09-19 05:01:47,2025-11-18 16:38:42
UCUE0Yv1vFOp6snMeHg0N2-w,3,0.0,0.0,24,2025-11-01 18:50:13,2026-05-08 06:49:33
UCqQYbw8rgQ_p4jYBrk168Mg,3,30.333333333333332,28.0,19,2026-01-11 15:07:26,2026-07-23 13:36:41
UCcFsU6gEgdQc9GfyrYguO9A,3,300.6666666666667,213.0,28,2025-09-07 06:39:28,2026-04-15 06:13:57
UCSA7Jt8WTkT-VKdELxM0Nwg,3,63.333333333333336,62.0,22,2025-11-06 04:47:46,2026-05-28 09:24:03
UC4277zOITtg0uoVBkiRQhXA,3,3.3333333333333335,4.0,27,2025-10-31 11:33:50,2025-10-31 12:25:12
UCR2MYQ5PHD5ZeElnitY9rjQ,3,581.3333333333334,506.0,19,2025-08-08 12:23:19,2025-09-20 11:09:21
UCzi2M8XwF0xRon_Z6LhM0UA,3,47.333333333333336,30.0,27,2025-11-20 10:39:24,2026-07-11 17:58:13
UCBZDiNtG8Uj6Go4YwRQdqzA,3,238.66666666666666,18.0,2,2026-04-01 11:21:27,2026-04-11 18:44:08
UC_oHNSAu6hyCdgq40jDRd_A,3,39.333333333333336,28.0,27,2025-11-22 11:14:47,2026-02-13 15:58:15
UCLAcizda50IT9-XOGoS42cw,3,228.0,270.0,26,2025-08-20 09:05:25,2026-03-16 14:12:26
UCShGSLUcNNEL-SlOlvuam5w,3,781.6666666666666,986.0,15,2025-09-05 09:08:28,2026-01-11 07:22:33
UCv7FL7SfPBAiViMv8cTdGoA,3,49.333333333333336,47.0,27,2026-03-21 12:35:08,2026-03-23 18:05:54
UCNbydgS2or9GdvnRLIuhymg,3,53.666666666666664,11.0,24,2025-08-22 08:17:48,2026-03-16 11:41:25
UC1h_aaTcmTzrff8ifpPUTZg,3,82.66666666666667,93.0,27,2026-02-20 12:00:22,2026-07-04 13:16:30
UC7B2eZkRZEnGIindh3PnDHg,3,38.333333333333336,45.0,28,2025-09-13 11:30:14,2026-02-03 12:25:31
UCM47DTdsnqCytH5aNdwW8Xg,3,151.0,115.0,22,2025-10-30 13:27:51,2025-11-29 21:43:57
UCe6gngQrSqC6rWbX1HY-pcA,3,72.33333333333333,68.0,10,2025-09-20 01:15:31,2025-09-28 01:07:24
UCWLFZWJNeVIo0YLF7kofsGQ,3,3133.0,92.0,22,2025-11-24 01:30:51,2025-12-13 14:03:27
UCdQm2OfFoFXb9-5rj4ZTKVw,3,193.0,28.0,22,2026-05-15 13:42:08,2026-07-06 07:02:33
UCto-x95-lcVJhsjhtuOWLAQ,3,6.333333333333333,6.0,22,2025-10-20 07:15:06,2025-10-20 08:03:01
UC8wdOaZl-glhjGxjTShpUjA,3,13.666666666666666,8.0,24,2025-10-20 11:31:14,2026-03-02 09:56:34
UCeAWyF3gto8iZAur2yAcCCA,3,465.0,43.0,22,2025-12-25 20:57:42,2026-06-12 07:42:48
UCCT7AuMSui3o1jn3C9bUU7Q,3,265.0,6.0,20,2025-12-14 13:52:10,2026-05-24 04:00:13
UCWOBCb1PZIDPwOZJ1-MOYwg,3,1306.0,1389.0,22,2026-01-09 08:37:02,2026-04-06 15:31:57
UCeh1QctvANIkZfYmcYRhg6A,3,929.6666666666666,1052.0,26,2026-01-21 15:49:43,2026-02-17 07:26:23
UCwzs9-5BokjVO6eWMOm9Oyw,3,182.33333333333334,9.0,27,2025-12-06 16:21:10,2026-07-11 01:59:33
UCaqtt3gwKyxJk29WjWxyyBQ,3,32.0,26.0,26,2025-10-05 05:20:33,2026-06-28 03:13:52
UCx3fMsqgYDkbPm4hRyqmZhg,3,42.0,42.0,19,2026-04-09 03:51:22,2026-08-11 17:12:39
UCeEnO-_dcEuFQuGTadt5INA,3,100.0,100.0,22,2026-01-05 15:51:17,2026-02-05 05:03:51
UCvABQjObYWAEgXBLC_jNOjw,3,1033.3333333333333,449.0,22,2026-06-06 14:57:25,2026-06-06 15:30:48
UCxHfNac0qfs-DF1jHI4sBKw,3,55.0,44.0,27,2025-09-13 17:27:14,2025-10-04 10:30:06
UCj-UL19msO3_KHxEcC9R9SA,3,49.333333333333336,37.0,20,2025-10-21 15:18:54,2026-08-07 19:29:41
UCF6CKoLHro3EdxhQObzPYgA,3,18.0,9.0,22,2026-01-31 02:59:43,2026-07-02 03:05:26
UCwMHgWQGA7VNftg4qP2xFJg,2,1107.5,1107.5,27,2025-08-11 12:58:30,2026-03-19 02:14:21
UC1ZwdgiuwLzqJUMEfKj0rsQ,2,1.5,1.5,19,2025-10-13 14:40:59,2026-08-01 12:27:02
UCR03Y0FLTd8BG0cE_pY53_A,2,12.5,12.5,19,2025-09-07 09:01:01,2025-10-17 16:30:01
UC16dJ6wuYAnzZ8r18j_NZQQ,2,678.0,678.0,27,2025-09-28 16:34:10,2025-09-28 17:01:51
UCayiz_it23vKcaEHf7pBETQ,2,2801.0,2801.0,27,2025-09-14 13:31:00,2026-04-08 20:30:07
UCJUkX37reZlCwikt91KuLNQ,2,166.5,166.5,27,2025-10-30 08:41:17,2026-07-16 04:09:11
UCeRzC9G3EzbiIWmkPLecVAw,2,15.0,15.0,27,2025-08-18 11:13:38,2025-08-24 12:47:36
UC2nYtu61LOO7qZWLr3vSqhQ,2,82.5,82.5,24,2026-05-15 09:00:35,2026-05-16 18:32:23
UC2A92U_PTo3OWuS6du4dJlQ,2,42.5,42.5,27,2025-10-06 13:23:37,2025-10-06 17:07:40
UC2QmGMkJOAbTzkTESm28WKA,2,19.0,19.0,26,2025-10-20 05:42:14,2026-04-17 15:45:14
UC2We2dvfxZGQG8Ssg3CGwtA,2,694.0,694.0,27,2026-02-26 09:30:20,2026-02-27 07:45:05
UC96JTEkNq_h0kQnp1EaMbrQ,2,56.5,56.5,28,2025-11-18 09:57:13,2025-11-18 11:54:05
UC_-NQbo70CAwqNV46rZAMMg,2,26.5,26.5,27,2025-11-09 11:46:40,2025-12-01 12:19:00
UCZbnhheZHF-scmSLpSQmu5A,2,18.0,18.0,19,2025-12-17 10:55:37,2026-01-10 01:40:24
UCYcz77vC9ETfJ2tESWg-7oQ,2,896.5,896.5,24,2025-12-13 14:56:00,2025-12-26 23:18:11
UCiLu7tRXY8KmcWpoNqKU-vA,2,11.5,11.5,22,2025-08-31 08:38:00,2025-11-16 05:06:26
UCBbzQQ2_MgD5Ad9tLUqioEg,2,205.0,205.0,22,2025-08-10 15:17:45,2026-01-03 01:30:21
UCfvZh8uMhxW8eUzOVsjusEg,2,296.5,296.5,24,2026-04-20 02:51:22,2026-04-20 10:33:54
UCBxoM-LQY6XvJOidhIwchgg,2,28.0,28.0,27,2025-09-23 07:05:33,2026-05-13 19:12:58
UCcymSXbKw0jyTB9BsTvWB_g,2,2057.0,2057.0,19,2025-09-20 12:00:18,2025-11-03 12:38:37
UCf-QUoiYmU80t7A1xuqkCgA,2,136.5,136.5,27,2025-08-08 07:03:48,2025-10-01 15:17:28
UCeZNR0f2UtXwXjwdrFeTYow,2,237.5,237.5,19,2026-05-01 11:50:46,2026-05-03 07:15:51
UCfIqEdQsAkFw216YzrcI7rQ,2,325.0,325.0,28,2026-03-24 11:30:51,2026-07-06 03:30:18
UCfOnYOhYW6VhDjfrVokFGfw,2,6.0,6.0,23,2026-07-29 15:42:50,2026-08-05 18:45:00
UCYXy5Re2BcC4sbDfe64qEiQ,2,13.0,13.0,27,2026-03-25 08:53:51,2026-03-25 08:57:02
UCg_8ZzVU4Mc9PE6ZTvwxZvA,2,83.0,83.0,10,2026-04-15 12:39:50,2026-07-01 16:02:23
UCYEg3PVHZskeInHod6Duvqw,2,1.0,1.0,27,2026-05-16 17:30:01,2026-05-18 17:15:02
UCtuI2DRSvsE40a706bubQ4w,2,31.0,31.0,24,2025-09-05 18:40:02,2025-09-12 11:15:01
UC8fN4f8bcVSatiiGEUpxXIQ,2,67.0,67.0,27,2025-12-02 03:08:52,2025-12-17 02:30:25
UC8mN0Bags3_MHQn4hwAzkrQ,2,180.5,180.5,27,2025-10-06 09:16:47,2026-02-17 08:57:40
UChKP-RDfkcoA-a9M6jh4Jdg,2,41.0,41.0,22,2026-01-28 12:10:02,2026-01-28 12:10:55
UC9TecFeXcpoJXwzwvybTQBw,2,781.5,781.5,1,2026-05-06 15:37:54,2026-06-11 19:57:27
UCHtZZup49xLrdsQTYYg0oIg,2,126.0,126.0,10,2026-01-14 10:58:48,2026-03-19 12:04:36
UCDmR23wi_Fr-gy1U2xsFOIg,2,19945.5,19945.5,17,2026-04-30 11:38:32,2026-05-16 12:19:16
UCDn1ZW7e5RzuXHu_AwmjfhA,2,4.5,4.5,26,2025-08-09 07:14:31,2025-08-09 07:24:00
UCwfkG1YxRoSZobpm425fVdw,2,154.0,154.0,19,2025-09-19 16:09:37,2025-09-19 16:18:31
UCMbCp4Ex7fmeIqwwWjBMeoQ,2,19.5,19.5,20,2025-08-06 12:00:06,2026-07-17 05:36:22
UCMQmRPLnUTOB5KbIT_IKpWw,2,1425.5,1425.5,22,2026-01-17 08:00:18,2026-01-26 13:01:35
UCU0iHyXZ1bMD8fuh3rYSQsA,2,27.0,27.0,10,2025-09-14 08:28:00,2025-10-02 15:53:41
UCFWgkIqYA9m-rf9VK8RmcWw,2,3507.5,3507.5,2,2025-10-26 04:30:32,2026-05-12 15:26:33
UCjGGtLvxVU-A0XAK9DfqVVg,2,74.0,74.0,22,2025-08-20 10:10:16,2025-08-22 12:23:20
UCHSPgazVCvP6CW3T9ShzVzQ,2,319.0,319.0,19,2025-11-14 20:08:00,2025-11-17 06:08:25
UCOV0CBqq0PucpQWLX2dXFdg,2,124.0,124.0,26,2025-08-08 10:56:23,2025-12-20 16:06:02
UCOzXCFKkRcGiMrFRDgAUIxw,2,12.5,12.5,10,2026-04-10 16:44:05,2026-04-10 17:00:04
UCLMx-A1FJ73GRtvWTQ0y9Gw,2,97.0,97.0,19,2025-11-24 12:53:33,2026-07-19 12:30:19
UCaY_Mf80TrM6ESTtSJdY_Yw,2,204.5,204.5,26,2025-10-29 09:37:49,2025-11-04 20:33:08
UCFNLcJOcLG7mVblwqL8Krqw,2,1029.5,1029.5,22,2025-10-25 14:53:40,2025-10-26 13:10:49
UCVvHVwauGpSFfGfEcxTchGg,2,32.0,32.0,10,2025-09-02 20:00:36,2026-01-02 15:32:14
UCFmvvq82l42UG0hsJgsaaHg,2,10.5,10.5,22,2026-04-16 16:57:29,2026-04-17 18:45:03
UC56HPjeRngN3-2LSNlp80yQ,2,126.5,126.5,27,2026-06-18 05:12:46,2026-06-20 18:15:41
UCPgg78lSzUC227123jNOjbg,2,11.0,11.0,22,2025-11-09 07:49:31,2025-12-08 08:07:24
UCQ1h1lBNuhcq_3XkVOELpdQ,2,489.5,489.5,22,2025-08-31 15:58:28,2026-01-12 15:08:38
UC6ClgNoiMI8i6EVnBBmlE1Q,2,350824.5,350824.5,10,2026-01-30 10:00:07,2026-03-26 11:34:54
UComm7JgIlapfbupHGjTgb4g,2,46.5,46.5,10,2025-10-20 06:10:11,2025-11-19 08:09:16
UCnVes8H3Az3n1t4c_zFHSJA,2,15.5,15.5,19,2025-10-17 07:52:39,2026-05-26 16:05:37
UCnUAl2Y2uTXWuuN-O-KrhJw,2,462.0,462.0,20,2026-05-22 16:53:09,2026-05-22 23:08:18
UCG1kQzfo0DDRB4a_fPfWbJQ,2,344.5,344.5,27,2025-10-14 10:20:38,2026-02-22 17:13:32
UCGRCL1GziG6JoghRw8aoBFg,2,435.0,435.0,1,2025-12-21 15:04:56,2025-12-26 10:41:22
UCGWAh2swLFeMpRVaBDlt1cQ,2,53.5,53.5,24,2025-12-30 14:20:23,2026-01-18 08:16:38
UCRejd9deEqLp8GRMXBJDGRQ,2,5.5,5.5,24,2025-08-23 19:19:35,2025-08-23 19:19:44
UCqGCzNVpQAaYJ2MkVvhBhgA,2,24.0,24.0,19,2026-07-28 18:36:35,2026-08-13 13:20:09
UCq1h_DxcEBd9IA4AltK6k3g,2,,,22,2025-08-13 19:54:56,2025-08-14 14:26:24
UCo5qC5Nsj55CA4XHppHkEBw,2,69587.5,69587.5,22,2025-11-03 11:26:16,2026-05-24 11:30:30
UCbNU9Szp_Nd4x5Zkg8lkuCA,2,600.0,600.0,2,2026-02-04 14:40:30,2026-05-22 02:11:09
UCAStu8X0cvPez6hz3nCsX-g,2,87.5,87.5,19,2025-09-18 01:54:15,2026-03-28 02:44:04
UCHAbwtIZAWCNTOg3TAcLU9g,2,100.5,100.5,22,2025-09-24 10:11:36,2026-02-12 11:42:19
UC4FmhLTAYQZh7lNfel2tkJg,2,271.0,271.0,22,2025-12-01 14:20:52,2025-12-04 06:59:37
UCbFoFX4MlKF8fCRcPF-oyWA,2,124.5,124.5,27,2025-10-21 08:16:13,2026-06-13 16:06:37
UCZSkAAhgygCGmAMaiWrvZNg,2,7.0,7.0,22,2026-03-02 11:25:09,2026-03-03 16:50:50
UCbf-UyNvZmmeWIG6nWUp4mQ,2,2017.5,2017.5,22,2025-09-12 05:43:21,2025-09-18 16:20:43
UCx7f4tw5IPj8U7d3HclggEQ,2,22.5,22.5,27,2026-04-27 07:39:46,2026-05-02 04:46:13
UC-5gF_d0EDy-DYw_Sc_FEbg,2,11.5,11.5,20,2025-11-17 06:06:54,2026-07-28 06:55:54
UCzVlnBIRZJY5OXOVwjiDGMg,2,89.5,89.5,28,2026-06-10 18:59:00,2026-07-06 11:10:59
UCxkhyltYaHSlIzW9rVh5quw,2,209.0,209.0,28,2025-11-13 17:59:03,2025-11-14 16:10:38
UCxairv6CVMEv4F57KcGfjlw,2,625.0,625.0,22,2026-04-22 12:57:30,2026-05-07 11:40:15
UC-BRmOgPfhweFui6Z7MSDsg,2,66.5,66.5,28,2025-12-10 15:20:21,2026-01-19 03:33:36
UC03bZcnpy-lQ7st_ZKg9Fhw,1,60.0,60.0,24,2025-08-23 18:30:41,2025-08-23 18:30:41
UCx9OXDeIM2bHZu7X2S8Ywhg,1,107.0,107.0,27,2025-11-18 19:40:15,2025-11-18 19:40:15
UCxE1EkDdMHY_w5ldYI4z2fA,1,12.0,12.0,19,2026-01-07 17:51:30,2026-01-07 17:51:30
UCxMVtO_K2riDzvUo1p_-ZYg,1,27.0,27.0,19,2026-04-22 18:17:12,2026-04-22 18:17:12
UCKs8DPzOZDO7sJfYn6Q3umA,1,435.0,435.0,27,2026-03-27 10:02:45,2026-03-27 10:02:45
UCKui2XHp81lL-GttSSv2IVw,1,1126.0,1126.0,27,2026-05-14 07:59:31,2026-05-14 07:59:31
UCIHneeqvSdbakJPaLbmhehA,1,72.0,72.0,20,2026-06-29 20:59:21,2026-06-29 20:59:21
UCyYK1gJGInAE4qPz5W1Y8IQ,1,5.0,5.0,2,2025-11-17 01:45:03,2025-11-17 01:45:03
UCJdwKH6ug0bzRe5FjRx8fRQ,1,15.0,15.0,10,2025-11-20 15:17:44,2025-11-20 15:17:44
UCwz5wX7GDCZA9cpQS7hF7EA,1,2312.0,2312.0,20,2025-08-07 21:00:36,2025-08-07 21:00:36
UCQcEywDnM-rX6Fn2cLzCAkw,1,3.0,3.0,24,2025-12-11 18:25:28,2025-12-11 18:25:28
UCpyd2qCUt-xaUDjVMaTpQ2w,1,34.0,34.0,19,2025-08-28 12:07:22,2025-08-28 12:07:22
UCqYDrZfesUCSX3LGe9zsOow,1,0.0,0.0,25,2026-05-01 06:22:32,2026-05-01 06:22:32
UC4-AGP-sNp7i-Yy8Lb9v3Gg,1,6.0,6.0,27,2025-09-28 07:06:26,2025-09-28 07:06:26
UCqqGXN0uZduDPHNMKPurmeg,1,20.0,20.0,24,2026-04-11 03:28:13,2026-04-11 03:28:13
UCGuC1cwMtHcoTZVS3z7quBw,1,137.0,137.0,27,2026-05-16 01:04:49,2026-05-16 01:04:49
UCH-TbGNdVH861wzKwArs61g,1,1.0,1.0,22,2026-07-01 10:08:49,2026-07-01 10:08:49
UCR7Iou06RCvhHmDvYJ0qsCA,1,6.0,6.0,27,2025-11-21 12:11:55,2025-11-21 12:11:55
UC5khCcbJuiSFkwnR5mk0h9w,1,1.0,1.0,24,2025-09-25 10:24:40,2025-09-25 10:24:40
UCp7FJ-9ML45Zbt5aq4FxyXg,1,12.0,12.0,22,2025-08-10 13:45:00,2025-08-10 13:45:00
UCSAybNoaaQQ07zW_zR5Pp9w,1,420.0,420.0,22,2025-12-12 08:00:36,2025-12-12 08:00:36
UCSL3Jd1qtL3RkeKCpbhOspg,1,547.0,547.0,27,2026-04-10 09:27:55,2026-04-10 09:27:55
UCoArEG3KoRRe30fZkEJGxrw,1,1.0,1.0,27,2026-02-18 17:42:14,2026-02-18 17:42:14
UCoE4dnlN53q-HAmd1deadTw,1,83.0,83.0,19,2025-11-22 11:29:59,2025-11-22 11:29:59
UCoSMOMZmuPMJhXZ4eBBYgMQ,1,15645.0,15645.0,22,2025-10-23 02:54:55,2025-10-23 02:54:55
UCobtR_t3QZNxEvQOpd1Enew,1,16.0,16.0,22,2026-05-05 05:24:12,2026-05-05 05:24:12
UC6Lu42yEoLcvV6E_zG8zwkg,1,5.0,5.0,24,2025-08-20 13:42:07,2025-08-20 13:42:07
UCnk2awEGy9xMSH3R87UZmZw,1,1230.0,1230.0,24,2026-05-20 05:23:03,2026-05-20 05:23:03
UCnp2iYWQnse32wOREcMrwFw,1,1.0,1.0,10,2025-09-07 17:34:51,2025-09-07 17:34:51
UCG76sVo0Jb_4S1Xw1XhFCBQ,1,27.0,27.0,25,2025-10-12 08:05:05,2025-10-12 08:05:05
UCHBsckKDBOG2YI_y6eQ6HhQ,1,1265.0,1265.0,27,2026-03-20 18:57:57,2026-03-20 18:57:57
UCHDz3EQpm8WsGR_sIDSV_OA,1,197.0,197.0,28,2026-02-23 13:35:47,2026-02-23 13:35:47
UCrQdsfofFl05mT0Cgz5ugsQ,1,13.0,13.0,19,2025-09-11 12:06:07,2025-09-11 12:06:07
UCsb9nsDsFyTJNeizJWBX8FA,1,1662.0,1662.0,26,2025-09-25 09:17:33,2025-09-25 09:17:33
UCNjoKLUGZ7L1iTN4bWY13tQ,1,12.0,12.0,28,2025-10-22 04:32:21,2025-10-22 04:32:21
UCSVUjXsvWW18g9WNAFHcnxw,1,22.0,22.0,10,2026-06-12 12:17:57,2026-06-12 12:17:57
UCTN2Wuf377lbdMIT3QKW4Dw,1,8.0,8.0,22,2025-12-29 03:59:40,2025-12-29 03:59:40
UC6yfTKmEXP1gGVK1mnfMeBw,1,,,1,2026-08-10 08:11:31,2026-08-10 08:11:31
UC72lPMG7bIy-zeMInk9VVIw,1,80.0,80.0,1,2025-12-07 07:06:04,2025-12-07 07:06:04
UCmuBaudVFyVnIr5d9Hx2lSQ,1,0.0,0.0,24,2026-06-29 19:49:37,2026-06-29 19:49:37
UC5sIr7sPlS9pbyaoPiEs_-Q,1,6.0,6.0,20,2025-10-23 03:52:05,2025-10-23 03:52:05
UCljHx_I9EwvIBa0MdwYJBjQ,1,25.0,25.0,27,2026-06-21 11:30:13,2026-06-21 11:30:13
UC6dmCN4SJ6mi8KvlPDaVWdA,1,79.0,79.0,28,2026-07-24 12:15:13,2026-07-24 12:15:13
UC6iULsIwWoHYy9o-qMWbPtQ,1,3.0,3.0,24,2026-01-30 02:54:48,2026-01-30 02:54:48
UC6vbBH4eOh3R8znL_fCHekw,1,120.0,120.0,22,2025-12-31 07:38:14,2025-12-31 07:38:14
UCSLfJKI-BghtjTbW8kqRQOw,1,1983.0,1983.0,2,2026-01-06 19:28:00,2026-01-06 19:28:00
UC3axMtFsHDlwyWIZqmOaTvw,1,11.0,11.0,22,2026-01-09 05:07:07,2026-01-09 05:07:07
UC3dIMQ2OiGUorimvXzGthBg,1,23.0,23.0,10,2026-08-01 17:01:11,2026-08-01 17:01:11
UC3jhxEwUbzxmaJ46taCsRbw,1,118.0,118.0,24,2026-04-15 15:57:07,2026-04-15 15:57:07
UC3pMyVN49_jERM1EeCvqNIg,1,1.0,1.0,24,2026-05-15 03:08:35,2026-05-15 03:08:35
UCt3g-Yo3c1S5T9znbeyB3Ew,1,1.0,1.0,27,2025-12-24 16:04:58,2025-12-24 16:04:58
UCkTcRd7oWWTbDBKFwIaSX0Q,1,856.0,856.0,27,2025-08-13 06:18:08,2025-08-13 06:18:08
UCknY_GOkGD6ZxMBg4AmJZaQ,1,0.0,0.0,22,2026-02-19 15:31:51,2026-02-19 15:31:51
UClQ4WuONIyEuFK4vC90pgCQ,1,139.0,139.0,27,2026-04-19 12:30:50,2026-04-19 12:30:50
UCFOCaYB8luqtu8Fs8x3eXjA,1,42.0,42.0,22,2026-06-14 13:18:39,2026-06-14 13:18:39
UCjOhEGMqmIYZOg-z1sMJWFw,1,53.0,53.0,2,2025-12-05 12:15:01,2025-12-05 12:15:01
UCkAK0kpffTqoh1-7JECxImQ,1,3.0,3.0,22,2026-06-09 13:45:06,2026-06-09 13:45:06
UCkOT__yfUWcDCgGNxAcXjCw,1,202.0,202.0,19,2026-05-30 14:26:35,2026-05-30 14:26:35
UCEhUSCNAwwkdZatM-4kLt6g,1,26.0,26.0,26,2025-12-24 17:27:27,2025-12-24 17:27:27
UCEhkKkMt6u0SUo4ivZH9MFw,1,11.0,11.0,10,2026-04-05 10:45:39,2026-04-05 10:45:39
UChiBbeU40NAS8Iu4NYysUgA,1,12296.0,12296.0,24,2025-10-27 04:05:57,2025-10-27 04:05:57
UCiYJ0grdXZ8zriVDqHSV8Ag,1,10.0,10.0,27,2025-11-10 14:40:13,2025-11-10 14:40:13
UCj4QQilhfrwwnw-2kIIU8vw,1,0.0,0.0,20,2026-05-10 01:13:33,2026-05-10 01:13:33
UCtSdzn41YHXHgmNaMhBeeDg,1,34.0,34.0,27,2026-08-05 16:13:53,2026-08-05 16:13:53
UCu6WPTPeGo6UXTHPvt84Tnw,1,1415.0,1415.0,22,2026-07-01 10:13:10,2026-07-01 10:13:10
UCLntodNrBpubT6KANEo-ikQ,1,4.0,4.0,22,2025-08-14 10:07:01,2025-08-14 10:07:01
UCMFrzlTx_VjoaVMKG8PVXTg,1,116.0,116.0,2,2025-12-29 11:42:59,2025-12-29 11:42:59
UC8CRyMMSZ4PfCyBmzP7dIrA,1,0.0,0.0,22,2026-07-30 13:49:07,2026-07-30 13:49:07
UC8w7BUeoeVvLstCRYWDlP0Q,1,222.0,222.0,27,2026-08-01 07:57:56,2026-08-01 07:57:56
UCYBWQB3IYbnA_tBJyTRcCqQ,1,20.0,20.0,27,2026-01-21 05:52:35,2026-01-21 05:52:35
UCYQTG8Co-693ToMKq8tjJKA,1,168.0,168.0,22,2026-05-15 17:54:40,2026-05-15 17:54:40
UC9EpfjzJIDp7q-Nv5TrL-Bw,1,3.0,3.0,28,2026-04-02 13:59:23,2026-04-02 13:59:23
UCh3F-PyGDtQxkvWvyOlds5g,1,2558.0,2558.0,24,2025-10-19 11:38:08,2025-10-19 11:38:08
UCW24CV1zjIFMuXHx52Yw1_Q,1,9135.0,9135.0,24,2025-08-14 13:00:18,2025-08-14 13:00:18
UCWKyH0V9XtZ7mqufzEfY4AQ,1,476.0,476.0,22,2025-08-12 12:42:10,2025-08-12 12:42:10
UCWLEQ_fQ4QCWe-J952RVowg,1,0.0,0.0,24,2026-02-02 11:22:36,2026-02-02 11:22:36
UCfydaImxM6_C6evXKfz08PQ,1,848.0,848.0,24,2026-05-08 14:57:28,2026-05-08 14:57:28
UCg5lOWOkHzH7vL0nZ4SWS1g,1,,,27,2026-08-12 13:23:44,2026-08-12 13:23:44
UCgQ5oDUALXYjf8TvJVWhykw,1,1289.0,1289.0,27,2025-12-20 18:31:19,2025-12-20 18:31:19
UCDS22UGuRMAjOnRkAXwKddw,1,64.0,64.0,24,2025-12-23 08:31:01,2025-12-23 08:31:01
UCDqLixMvj0EBbtPcEZeXgMQ,1,771.0,771.0,22,2025-09-03 10:33:38,2025-09-03 10:33:38
UCMrEHDQTCh977eSqCrafYMA,1,,,2,2025-10-04 13:52:06,2025-10-04 13:52:06
UCuUrF23D6JfAQR-2-UlbizA,1,97.0,97.0,28,2026-02-08 08:35:32,2026-02-08 08:35:32
UCeYkElNkcDqExs3IsTg1U8Q,1,25.0,25.0,27,2025-11-05 12:30:31,2025-11-05 12:30:31
UCe_-UrWC_J3m0x30GujIUHw,1,32.0,32.0,22,2026-03-08 18:47:09,2026-03-08 18:47:09
UCejiuKUHjHpMPlAaFPntIdQ,1,431.0,431.0,27,2026-06-02 17:11:07,2026-06-02 17:11:07
UCfTQjoLb67fcKxc2H6rGh3Q,1,26.0,26.0,24,2026-02-03 05:42:20,2026-02-03 05:42:20
UCfkn3SdDKgqfspb4HQ5X8uA,1,4942.0,4942.0,22,2026-05-23 06:03:30,2026-05-23 06:03:30
UCCXw0STxDknWiHY0ULP2qdw,1,56210.0,56210.0,24,2025-08-07 06:30:02,2025-08-07 06:30:02
UCYqhfjSeX0MYID5t0BK-g_Q,1,365.0,365.0,10,2026-02-04 17:29:20,2026-02-04 17:29:20
UCdgbJ3zXdCfE9BgqQs1gBlQ,1,116.0,116.0,22,2025-09-17 11:27:33,2025-09-17 11:27:33
UCZj8Ta8riGZh2yd55uPOD-Q,1,68.0,68.0,27,2026-02-13 15:18:08,2026-02-13 15:18:08
UCA-heSuyOakLMtil8rVN-mw,1,937.0,937.0,24,2025-08-13 16:20:15,2025-08-13 16:20:15
UCcXuYACjEbQ9RKVMfEDeo-Q,1,32.0,32.0,27,2025-11-29 03:21:14,2025-11-29 03:21:14
UCciL5_VlWGGKQp0WE5Cd_VA,1,185.0,185.0,27,2026-05-24 08:34:29,2026-05-24 08:34:29
UCIsnG0BD8ZdXuktjkS8Ff9Q,1,140.0,140.0,24,2025-08-06 22:41:13,2025-08-06 22:41:13
UCIw-vCmjVg4EWnraWvo61tQ,1,1274.0,1274.0,17,2025-11-02 04:01:44,2025-11-02 04:01:44
UCLd1lbnqiRzl2XxRs3SgAIg,1,,,27,2025-11-18 05:20:20,2025-11-18 05:20:20
UCvQ7XvdonzhCINpaHqoklWg,1,0.0,0.0,27,2026-05-30 07:13:20,2026-05-30 07:13:20
UCa7_2MrZsARTZtq3MgvV6bQ,1,190.0,190.0,20,2025-10-12 11:05:00,2025-10-12 11:05:00
UCb_aud9tiQwMiaFl0SbqG-w,1,598.0,598.0,27,2026-02-10 00:45:54,2026-02-10 00:45:54
UCcGb9Nvogi38CmXNPrLxBXw,1,3400.0,3400.0,27,2025-12-30 12:30:37,2025-12-30 12:30:37
UCcMx6YIqwzPLLpE_5VYLNKg,1,16.0,16.0,28,2025-09-25 10:29:06,2025-09-25 10:29:06
UCzk8uLeYTTqW8BXeR_SzUfw,1,82.0,82.0,2,2026-06-10 20:55:40,2026-06-10 20:55:40
UCzkKIa_Qh4VSCSEX4VTGJHw,1,17.0,17.0,24,2025-12-12 00:36:29,2025-12-12 00:36:29
UC-1uJQliiQgu8WH0II6TmTw,1,10.0,10.0,27,2025-08-30 02:38:01,2025-08-30 02:38:01
UCBRtqq7tFv1yBflZRbjIcdA,1,19.0,19.0,22,2025-11-11 08:28:01,2025-11-11 08:28:01
UCaVNxZoPHYMOCsorAR7t66Q,1,186.0,186.0,2,2025-10-29 22:05:54,2025-10-29 22:05:54
UCb58jPhRglu2t1jmKOqlD1Q,1,,,19,2026-03-27 20:36:23,2026-03-27 20:36:23
UC_ceB5elAjP8fuBdTMFPh1w,1,6869.0,6869.0,27,2025-08-13 09:25:12,2025-08-13 09:25:12
UCvleQ73Jaa_h2i1a-MDCwjQ,1,,,20,2026-08-14 18:15:04,2026-08-14 18:15:04
UCw7q9HgpyWsYIzUP3C9qO1A,1,22.0,22.0,2,2026-05-15 05:55:55,2026-05-15 05:55:55
UCwJrljoF_o5Ruib8hLvAAdA,1,10.0,10.0,17,2026-07-17 03:57:29,2026-07-17 03:57:29
UCJztQdqYL0OLiA9J69PeL5w,1,6.0,6.0,27,2026-01-26 08:18:23,2026-01-26 08:18:23
UCKHdf6406-X_tFMcpxsy6Bg,1,173.0,173.0,22,2025-09-10 09:20:37,2025-09-10 09:20:37
UC-_RSsE6WWurHFLPjljKGfg,1,45.0,45.0,2,2025-10-30 12:30:48,2025-10-30 12:30:48
UC-WMWvU7PooxxM6JpuBaFFQ,1,0.0,0.0,22,2025-08-17 00:44:49,2025-08-17 00:44:49
UC-JOTqA1nUwp5ebDywMg5zw,1,,,22,2025-09-06 12:06:42,2025-09-06 12:06:42
